IMU,index,x_pos,y_pos,z_pos,...
1
1,0,0,0,0,0,0,0,0,0,0,0,0,0,0,0,0,0,0,0,0,0,0
1,1,14,-17,78,-1,-1,-48,0,0,0,0,0,0,0,0,0,-3,1,8,0,0,0
1,2,14,-17,78,-1,-1,-48,0,0,0,0,0,0,0,0,0,-3,1,8,0,0,0
1,3,14,-17,78,-1,-1,-48,0,0,0,0,0,0,0,0,0,-3,1,8,0,0,0
1,4,14,-17,78,-7,0,45,0,0,0,0,0,0,0,0,0,-3,1,8,0,0,0
1,5,14,-17,78,-7,0,45,0,0,0,0,0,0,0,0,0,-3,1,8,0,0,0
1,6,14,-17,78,-7,0,45,0,0,0,0,0,0,0,0,0,-3,0,-9,0,0,0
1,7,14,-17,78,-7,0,45,0,0,0,0,0,0,0,0,0,-3,0,-9,0,0,0
1,8,14,-17,78,-7,0,45,0,0,0,0,0,0,0,0,0,-3,0,-9,0,0,0
1,9,14,-17,78,-7,0,45,0,0,0,0,0,0,0,0,0,-3,0,-9,0,0,0
1,10,14,-17,78,-7,0,46,0,0,0,0,0,0,0,0,0,-3,0,-9,0,0,0
1,11,14,-17,78,-7,0,46,0,0,0,0,0,0,0,0,0,-3,0,-9,0,0,0
1,12,14,-17,78,-7,0,46,0,0,0,0,0,0,0,0,0,-3,0,-9,0,0,0
1,13,14,-17,78,-7,0,46,0,0,0,0,0,0,0,0,0,-3,0,-9,0,0,0
1,14,14,-17,78,-7,0,46,0,0,0,0,0,0,0,0,0,-3,0,-9,0,0,0
1,15,14,-17,78,-7,0,46,0,0,0,0,0,0,0,0,0,-3,0,-9,0,0,0
1,16,14,-17,78,-7,0,46,0,0,0,0,0,0,0,0,0,-3,0,-9,0,0,0
1,17,14,-17,78,-7,0,46,0,0,0,0,0,0,0,0,0,-3,0,-9,0,0,0
1,18,14,-17,78,-7,0,46,0,0,0,0,0,0,0,0,0,-3,0,-9,0,0,0
1,19,14,-17,78,-7,0,46,0,0,0,0,0,0,0,0,0,-3,0,-9,0,0,0
1,20,14,-17,78,-7,0,46,0,0,0,0,0,0,0,0,0,-3,0,-9,0,0,0
1,21,14,-17,78,-7,0,46,0,0,0,0,0,0,0,0,0,-3,0,-9,0,0,0
1,22,14,-17,78,-8,0,42,0,0,0,0,0,0,0,0,0,-3,0,-9,0,0,0
1,23,14,-17,78,-8,0,42,0,0,0,0,0,0,0,0,0,-3,0,-9,0,0,0
1,24,14,-17,78,-8,0,42,0,0,0,0,0,0,0,0,0,-3,0,-9,0,0,0
1,25,14,-17,78,-8,0,42,0,0,0,0,0,0,0,0,0,-3,0,-9,0,0,0
1,26,14,-17,78,-8,0,42,0,0,0,0,0,0,0,0,0,-3,0,-9,0,0,0
1,27,14,-17,78,-8,0,42,0,0,0,0,0,0,0,0,0,-3,0,-9,0,0,0
1,28,14,-17,78,-8,0,42,0,0,0,0,0,0,0,0,0,-3,0,-9,0,0,0
1,29,14,-17,78,-8,0,42,0,0,0,0,0,0,0,0,0,-3,0,-9,0,0,0
1,30,14,-17,78,-8,0,42,0,0,0,0,0,0,0,0,0,-3,0,-9,0,0,0
1,31,14,-17,78,-8,0,42,0,0,0,0,0,0,0,0,0,-3,0,-9,0,0,0
1,32,14,-17,78,-8,0,42,0,0,0,0,0,0,0,0,0,-3,0,-9,0,0,0
1,33,14,-17,78,-8,0,42,0,0,0,0,0,0,0,0,0,-3,0,-9,0,0,0
1,34,14,-17,78,-8,0,42,0,0,0,0,0,0,0,0,0,-3,0,-9,0,0,0
1,35,14,-17,78,-8,0,42,0,0,0,0,0,0,0,0,0,-3,0,-9,0,0,0
1,36,14,-17,78,-8,0,42,0,0,0,0,0,0,0,0,0,-3,0,-9,0,0,0
1,37,14,-17,78,-8,0,42,0,0,0,0,0,0,0,0,0,-3,0,-9,0,0,0
1,38,14,-17,78,-8,0,42,0,0,0,0,0,0,0,0,0,-3,0,-9,0,0,0
1,39,14,-17,78,-8,0,42,0,0,0,0,0,0,0,0,0,-3,0,-9,0,0,0
1,40,14,-17,78,-6,0,41,0,0,0,0,0,0,0,0,0,-3,0,-9,0,0,0
1,41,14,-17,78,-6,0,41,0,0,0,0,0,0,0,0,0,-3,0,-9,0,0,0
1,42,14,-17,78,-6,0,41,0,0,0,0,0,0,0,0,0,-3,0,-9,0,0,0
1,43,14,-17,78,-6,0,41,0,0,0,0,0,0,0,0,0,-3,0,-9,0,0,0
1,44,14,-17,78,-6,0,41,0,0,0,0,0,0,0,0,0,-3,0,-9,0,0,0
1,45,14,-17,78,-6,0,41,0,0,0,0,0,0,0,0,0,-3,0,-9,0,0,0
1,46,14,-17,78,-6,0,41,0,0,0,0,0,0,0,0,0,-3,0,-9,0,0,0
1,47,14,-17,78,-6,0,41,0,0,0,0,0,0,0,0,0,-3,0,-9,0,0,0
1,48,14,-17,78,-6,0,41,0,0,0,0,0,0,0,0,0,-3,0,-9,0,0,0
1,49,14,-17,78,-6,0,41,0,0,0,0,0,0,0,0,0,-3,0,-9,0,0,0
1,50,14,-17,78,-6,0,41,0,0,0,0,0,0,0,0,0,-3,0,-9,0,0,0
1,51,14,-17,78,-6,0,41,0,0,0,0,0,0,0,0,0,-3,0,-9,0,0,0
1,52,14,-17,78,-5,0,40,0,0,0,0,0,0,0,0,0,-3,0,-9,0,0,0
1,53,14,-17,78,-5,0,40,0,0,0,0,0,0,0,0,0,-3,0,-9,0,0,0
1,54,14,-18,78,-5,0,40,0,0,0,0,0,0,0,0,0,-3,0,-9,0,0,0
1,55,14,-18,78,-7,0,42,0,0,0,0,0,0,0,0,0,-3,0,-9,0,0,0
1,56,14,-18,78,-7,0,42,0,0,0,0,0,0,0,0,0,-3,0,-9,0,0,0
1,57,14,-18,78,-7,0,42,0,0,0,0,0,0,0,0,0,-3,0,-9,0,0,0
1,58,14,-18,78,-7,0,42,0,0,0,0,0,0,0,0,0,-3,0,-9,0,0,0
1,59,14,-18,78,-7,0,42,0,0,0,0,0,0,0,0,0,-3,0,-9,0,0,0
1,60,14,-18,78,-7,0,42,0,0,0,0,0,0,0,0,0,-3,0,-9,0,0,0
1,61,14,-18,78,-7,0,42,0,0,0,0,0,0,0,0,0,-3,0,-9,0,0,0
1,62,14,-18,78,-7,0,42,0,0,0,0,0,0,0,0,0,-3,0,-9,0,0,0
1,63,14,-18,78,-7,0,42,0,0,0,0,0,0,0,0,0,-3,0,-9,0,0,0
1,64,14,-18,78,-7,0,42,0,0,0,0,0,0,0,0,0,-3,0,-9,0,0,0
1,65,14,-18,78,-6,0,40,0,0,0,0,0,0,0,0,0,-3,0,-9,0,0,0
1,66,14,-18,78,-6,0,40,0,0,0,0,0,0,0,0,0,-3,0,-9,0,0,0
1,67,14,-18,78,-6,0,40,0,0,0,0,0,0,0,0,0,-3,0,-9,0,0,0
1,68,14,-18,78,-6,0,40,0,0,0,0,0,0,0,0,0,-3,0,-9,0,0,0
1,69,14,-18,78,-6,0,40,0,0,0,0,0,0,0,0,1,-3,0,-9,0,0,0
1,70,14,-18,78,-6,0,40,0,0,0,0,0,0,0,0,1,-3,0,-9,0,0,0
1,71,14,-18,78,-6,0,40,0,0,0,0,0,0,0,0,1,-3,0,-9,0,0,0
1,72,14,-18,78,-6,0,40,0,0,0,0,0,0,0,0,1,-3,0,-9,0,0,0
1,73,14,-18,77,-6,0,43,0,0,0,0,0,0,0,0,1,-3,0,-9,0,0,0
1,74,14,-18,77,-6,0,43,0,0,0,0,0,0,0,0,1,-3,0,-9,0,0,0
1,75,15,-18,77,-6,0,43,0,0,0,0,0,0,0,0,2,-3,0,-9,0,0,0
1,76,15,-18,-77,-5,0,42,0,0,0,0,0,0,0,0,3,-3,0,-9,0,0,0
1,77,15,-18,-77,-5,0,42,0,0,0,0,0,0,0,0,3,-3,0,-9,0,0,0
1,78,15,-19,-77,-5,0,42,0,0,0,0,0,0,-1,0,3,-3,0,-9,0,0,0
1,79,15,-19,-77,-5,0,42,0,0,0,0,0,0,-1,0,3,-3,0,-9,0,0,0
1,80,15,-20,-77,-5,0,42,0,0,0,0,0,0,-1,1,3,-3,0,-9,0,0,0
1,81,15,-21,-77,-6,0,42,0,-1,0,0,0,0,-1,1,2,-3,0,-9,0,0,0
1,82,15,-21,-77,-6,0,42,0,-1,0,0,0,0,-1,1,2,-3,0,-9,0,0,0
1,83,16,-23,-77,-6,0,42,0,-1,0,0,0,0,-1,1,2,-3,0,-9,0,0,0
1,84,16,-25,-77,-3,2,44,0,-1,0,0,0,0,-2,1,3,-4,0,-8,0,0,0
1,85,16,-25,-77,-3,2,44,0,-1,0,0,0,0,-2,1,3,-4,0,-8,0,0,0
1,86,16,-25,-77,-3,2,44,0,-1,0,0,0,0,-1,0,3,-4,0,-8,0,0,0
1,87,17,-27,-77,-3,2,44,0,-1,0,0,0,0,-1,0,3,-4,0,-8,0,0,0
1,88,17,-27,-77,-3,2,44,0,-1,0,0,0,0,-1,0,3,-4,0,-8,0,0,0
1,89,17,-29,-78,-3,2,44,0,-1,0,0,0,0,-1,1,1,-4,0,-8,0,0,0
1,90,17,-29,-78,-3,2,44,0,-1,0,0,0,0,-1,1,1,-4,0,-8,0,0,0
1,91,18,-31,-78,0,2,44,0,-1,0,0,0,0,-1,1,1,-4,0,-8,0,0,0
1,92,18,-31,-78,0,2,44,0,-2,0,0,0,0,-1,1,1,-4,0,-8,0,0,0
1,93,18,-31,-78,0,2,44,0,-2,0,0,0,0,-1,2,0,-4,0,-8,0,0,0
1,94,19,-33,-77,0,2,44,0,-2,0,0,0,0,-1,2,0,-5,0,-8,0,0,0
1,95,20,-36,-77,2,3,44,0,-2,0,0,0,0,-1,2,0,-5,0,-8,0,0,0
1,96,20,-36,-77,2,3,44,0,-2,0,0,0,0,-1,2,0,-5,0,-8,0,0,0
1,97,21,-38,77,2,3,44,0,-2,0,0,0,0,0,1,0,-5,0,-7,0,0,0
1,98,21,-38,77,2,3,44,0,-2,0,0,0,0,0,1,0,-5,0,-7,0,0,0
1,99,22,-41,78,2,3,44,0,-2,0,0,0,0,0,1,0,-6,0,-7,0,0,0
1,100,22,-41,78,2,3,44,0,-2,0,0,0,0,0,1,0,-6,0,-7,0,0,0
1,101,23,-43,79,9,3,43,0,-2,0,0,0,0,0,0,0,-6,0,-7,0,0,0
1,102,17,-45,80,9,3,43,0,-2,0,0,0,0,0,0,0,-6,0,-6,0,0,0
1,103,17,-45,80,9,3,43,0,-2,0,0,0,0,0,0,0,-6,0,-6,0,0,0
1,104,16,-48,81,9,3,43,0,-2,0,0,0,0,0,0,-1,-7,0,-6,0,0,0
1,105,16,-50,83,14,2,42,0,-2,0,0,0,0,0,0,-1,-7,0,-6,0,0,0
1,106,16,-50,83,14,2,42,0,-1,0,0,0,0,0,0,-1,-7,0,-6,0,0,0
1,107,16,-50,83,14,2,42,0,-1,0,0,0,0,0,0,-1,-7,0,-6,0,0,0
1,108,16,-51,84,14,2,42,0,-1,0,0,0,0,0,0,-1,-7,0,-6,0,0,0
1,109,16,-53,85,17,2,38,0,-1,0,0,0,0,0,0,-2,-7,0,-5,0,0,0
1,110,15,-55,87,17,2,38,0,-1,0,0,0,0,0,0,-2,-8,0,-5,0,0,0
1,111,14,-57,89,17,2,38,0,-1,0,0,0,0,0,0,-2,-8,1,-5,0,0,0
1,112,14,-57,89,17,2,38,0,-1,0,0,0,0,0,0,-2,-8,1,-5,0,0,0
1,113,14,-57,90,22,1,38,0,-1,0,0,0,0,0,0,-2,-8,1,-5,0,0,0
1,114,13,-59,92,22,1,38,0,-1,0,0,0,0,0,0,-2,-8,1,-4,0,0,0
1,115,13,-59,92,22,1,38,0,-1,0,0,0,0,0,0,-2,-8,1,-4,0,0,0
1,116,13,-60,94,25,0,34,0,-1,0,0,0,0,0,0,-3,-8,1,-4,0,0,0
1,117,13,-60,94,25,0,34,0,-1,0,0,0,0,0,0,-3,-8,1,-4,0,0,0
1,118,12,-61,97,25,0,34,0,-1,0,0,0,0,0,0,-3,-8,1,-4,0,0,0
1,119,12,-61,97,25,0,34,0,-1,0,0,0,0,0,0,-3,-8,1,-4,0,0,0
1,120,11,-63,99,25,0,34,0,-1,0,0,0,0,0,0,-3,-8,1,-4,0,0,0
1,121,10,-64,102,28,0,33,0,-1,0,0,0,0,0,0,-3,-8,1,-3,0,0,0
1,122,10,-64,102,28,0,33,0,-1,0,0,0,0,0,0,-3,-8,1,-3,0,0,0
1,123,10,-64,104,28,0,33,0,-1,0,0,0,0,0,-1,-3,-8,1,-3,0,0,0
1,124,9,-65,105,28,0,33,0,-1,0,0,0,0,0,-1,-4,-8,1,-3,0,0,0
1,125,9,-65,105,28,0,33,0,-1,0,0,0,0,0,-1,-4,-8,1,-3,0,0,0
1,126,8,-65,108,31,-2,32,0,-1,0,0,0,0,0,-2,-5,-8,2,-3,0,0,0
1,127,8,-65,108,31,-2,32,0,0,0,0,0,0,0,-2,-5,-8,2,-3,0,0,0
1,128,8,-66,110,31,-2,32,0,0,0,0,0,0,0,-2,-5,-8,2,-3,0,0,0
1,129,8,-67,111,33,-4,29,0,0,0,0,0,0,0,-3,-6,-9,2,-3,0,0,0
1,130,8,-67,111,33,-4,29,0,0,0,0,0,0,0,-3,-6,-9,2,-3,0,0,0
1,131,8,-67,111,33,-4,29,0,0,0,0,0,0,0,-3,-7,-9,2,-3,0,0,0
1,132,8,-67,111,33,-4,29,0,0,0,0,0,0,0,-3,-7,-9,2,-3,0,0,0
1,133,9,-67,110,33,-4,29,0,0,0,0,0,0,-2,-3,-9,-9,2,-3,0,0,0
1,134,11,-68,108,35,-3,29,0,0,0,0,0,0,-2,-3,-10,-9,1,-3,0,0,0
1,135,11,-68,108,35,-3,29,0,0,0,0,0,0,-2,-3,-10,-9,1,-3,0,0,0
1,136,12,-68,105,35,-3,29,0,0,0,0,0,0,-2,-2,-10,-9,1,-3,0,0,0
1,137,14,-67,100,35,-3,29,0,0,0,0,0,0,-3,-3,-10,-9,1,-3,0,0,0
1,138,16,-65,95,33,-3,30,0,1,0,0,0,0,-4,-2,-10,-9,1,-3,0,0,0
1,139,18,-63,92,33,-3,30,1,2,-1,0,0,0,-6,-2,-10,-8,1,-3,0,0,0
1,140,18,-63,92,33,-3,30,1,2,-1,0,0,0,-6,-2,-10,-8,1,-3,0,0,0
1,141,22,-61,86,33,-1,29,1,2,-1,0,0,0,-7,-2,-9,-8,0,-4,0,0,0
1,142,22,-61,86,33,-1,29,1,3,-1,0,0,0,-7,-2,-9,-8,0,-4,0,0,0
1,143,26,-57,80,33,-1,29,1,3,-1,0,0,0,-8,-1,-7,-8,0,-4,0,0,0
1,144,26,-57,80,33,-1,29,1,3,-1,0,0,0,-8,-1,-7,-8,0,-4,0,0,0
1,145,32,-53,-78,33,-1,29,1,3,-1,0,0,0,-9,-1,-6,-8,0,-5,0,0,0
1,146,32,-53,-78,33,-1,29,1,3,-1,0,0,0,-9,-1,-6,-8,0,-5,0,0,0
1,147,39,-49,-82,27,3,34,1,3,-1,0,0,0,-10,-1,-5,-7,0,-6,0,0,0
1,148,48,-44,-86,27,3,34,2,4,-1,0,0,0,-11,-1,-4,-7,0,-6,0,0,0
1,149,48,-44,-86,27,3,34,2,4,-1,0,0,0,-11,-1,-4,-7,0,-6,0,0,0
1,150,28,-39,-90,27,3,34,2,4,-1,0,0,0,-11,-1,-4,-6,-1,-7,0,0,0
1,151,28,-39,-90,27,3,34,2,4,-1,0,0,0,-11,-1,-4,-6,-1,-7,0,0,0
1,152,27,-35,-94,21,9,40,2,4,-1,0,0,0,-13,-1,-4,-5,-2,-7,0,0,0
1,153,26,-30,-97,21,9,40,2,3,-2,0,0,0,-13,0,-5,-5,-2,-7,0,0,0
1,154,26,-30,-97,21,9,40,2,3,-2,0,0,0,-13,0,-5,-5,-2,-7,0,0,0
1,155,25,-26,-100,11,14,41,2,3,-2,0,0,0,-13,-1,-6,-5,-3,-7,0,0,0
1,156,25,-26,-100,11,14,41,1,3,-2,0,0,0,-13,-1,-6,-5,-3,-7,0,0,0
1,157,23,-21,-103,11,14,41,1,3,-2,0,0,0,-14,-3,-6,-4,-3,-8,0,0,0
1,158,21,-15,-106,11,14,41,2,3,-2,0,0,0,-16,-4,-7,-3,-4,-8,0,0,0
1,159,21,-15,-106,11,14,41,3,4,-3,0,0,0,-16,-4,-7,-3,-4,-8,0,0,0
1,160,19,-7,-111,1,21,40,3,4,-3,0,0,0,-18,-3,-7,-1,-5,-8,0,0,0
1,161,17,2,-117,1,21,40,4,6,-4,0,0,0,-25,-4,-5,0,-5,-7,0,0,0
1,162,17,2,-117,1,21,40,6,7,-4,0,0,0,-25,-4,-5,0,-5,-7,0,0,0
1,163,124,13,-126,-9,25,35,6,7,-4,0,0,0,-21,2,-1,1,-6,-6,0,0,0
1,164,-123,21,117,-9,25,35,8,8,-5,0,0,0,-22,8,4,2,-7,-5,0,0,0
1,165,-123,21,117,-9,25,35,11,4,-4,0,0,0,-22,8,4,2,-7,-5,0,0,0
1,166,-124,25,105,-9,25,35,11,4,-4,0,0,0,-25,19,7,3,-8,-4,0,0,0
1,167,-128,28,97,-29,30,18,10,0,-3,0,0,0,-15,25,5,4,-8,-1,0,0,0
1,168,-128,28,97,-29,30,18,8,-1,-2,0,0,0,-15,25,5,4,-8,-1,0,0,0
1,169,125,31,91,-29,30,18,8,-1,-2,0,0,0,-6,27,2,4,-8,0,0,0,0
1,170,122,34,87,-39,29,0,6,-2,-2,0,0,0,-7,21,0,5,-8,0,0,0,0
1,171,122,34,87,-39,29,0,5,-2,-2,0,0,0,-7,21,0,5,-8,0,0,0,0
1,172,121,36,85,-39,29,0,5,-2,-2,0,0,0,-7,17,-1,5,-8,0,0,0,0
1,173,118,39,81,-39,29,0,5,-2,-2,0,0,0,-5,17,-3,5,-7,0,0,0,0
1,174,117,42,78,-43,24,-4,4,-2,-2,0,0,0,-5,16,-3,6,-7,1,0,0,0
1,175,117,42,78,-43,24,-4,3,-1,-2,0,0,0,-5,16,-3,6,-7,1,0,0,0
1,176,117,45,75,-43,24,-4,3,-1,-2,0,0,0,-4,14,-3,6,-6,1,0,0,0
1,177,117,48,72,-43,24,-4,2,-1,-2,0,0,0,-4,12,-3,7,-6,1,0,0,0
1,178,117,49,70,-47,19,-4,2,0,-2,0,0,0,-3,11,-3,7,-6,1,0,0,0
1,179,117,49,70,-47,19,-4,2,0,-2,0,0,0,-3,11,-3,7,-6,1,0,0,0
1,180,117,49,70,-47,19,-4,2,0,-2,0,0,0,-3,10,-3,7,-6,1,0,0,0
1,181,118,52,65,-47,19,-4,2,0,-2,0,0,0,-3,10,-3,7,-5,2,0,0,0
1,182,118,53,64,-48,14,0,2,0,-1,0,0,0,-2,9,-1,7,-5,2,0,0,0
1,183,118,53,64,-48,14,0,1,0,-1,0,0,0,-2,9,-1,7,-5,2,0,0,0
1,184,118,54,61,-48,14,0,1,0,-1,0,0,0,-2,7,-1,7,-5,2,0,0,0
1,185,118,54,61,-48,14,0,1,0,0,0,0,0,-2,7,-1,7,-5,2,0,0,0
1,186,118,54,58,-48,14,0,1,0,0,0,0,0,-2,5,-1,7,-4,2,0,0,0
1,187,118,54,58,-47,9,-4,1,0,0,0,0,0,-2,5,-1,7,-4,3,0,0,0
1,188,118,54,54,-47,9,-4,1,0,0,0,0,0,-2,5,-1,7,-4,3,0,0,0
1,189,118,54,51,-47,9,-4,1,0,0,0,0,0,-2,5,0,7,-4,3,0,0,0
1,190,118,54,49,-47,7,-7,1,0,0,0,0,0,-2,5,0,7,-4,3,0,0,0
1,191,118,54,49,-47,7,-7,0,0,0,0,0,0,-2,5,0,7,-4,3,0,0,0
1,192,118,54,48,-47,7,-7,0,0,0,0,0,0,-1,4,0,7,-4,3,0,0,0
1,193,118,54,48,-47,7,-7,0,0,0,0,0,0,-1,4,0,7,-4,3,0,0,0
1,194,118,53,47,-47,7,-7,0,0,0,0,0,0,0,3,0,7,-4,3,0,0,0
1,195,117,51,46,-49,6,-6,0,0,0,0,0,0,0,2,0,7,-4,4,0,0,0
1,196,117,51,46,-49,6,-6,0,0,0,0,0,0,0,2,0,7,-4,4,0,0,0
1,197,117,51,46,-49,6,-6,0,0,0,0,0,0,0,2,0,7,-4,4,0,0,0
1,198,116,50,46,-49,6,-6,0,0,0,0,0,0,0,3,0,7,-4,4,0,0,0
1,199,116,48,47,-48,5,-9,0,0,0,0,0,0,0,2,1,7,-4,4,0,0,0
1,200,116,48,47,-48,5,-9,-1,0,1,0,0,0,0,2,1,7,-4,4,0,0,0
1,201,115,47,48,-48,5,-9,-1,0,1,0,0,0,0,2,0,7,-4,4,0,0,0
1,202,114,44,50,-46,7,-8,-1,0,1,0,0,0,-1,1,0,7,-5,4,0,0,0
1,203,113,42,52,-46,7,-8,0,0,2,0,0,0,-1,1,1,6,-5,4,0,0,0
1,204,113,42,52,-46,7,-8,0,1,2,0,0,0,-1,1,1,6,-5,4,0,0,0
1,205,111,39,53,-46,7,-8,0,1,2,0,0,0,-2,1,1,6,-5,4,0,0,0
1,206,111,39,53,-46,7,-8,0,0,1,0,0,0,-2,1,1,6,-5,4,0,0,0
1,207,110,37,55,-45,12,-12,0,0,1,0,0,0,-2,0,1,6,-6,4,0,0,0
1,208,108,35,57,-45,12,-12,-1,0,2,0,0,0,-3,0,1,5,-6,4,0,0,0
1,209,106,32,58,-45,12,-12,0,0,2,0,0,0,-2,0,2,5,-6,4,0,0,0
1,210,106,32,58,-45,12,-12,0,0,2,0,0,0,-2,0,2,5,-6,4,0,0,0
1,211,103,29,60,-43,17,-15,0,0,2,0,0,0,-2,1,1,5,-7,4,0,0,0
1,212,100,27,62,-43,17,-15,0,0,2,0,0,0,-4,1,0,4,-7,4,0,0,0
1,213,98,25,62,-41,22,-13,0,0,2,0,0,0,-3,0,0,4,-7,4,0,0,0
1,214,98,25,62,-41,22,-13,0,0,3,0,0,0,-3,0,0,4,-7,4,0,0,0
1,215,94,22,63,-41,22,-13,0,0,3,0,0,0,-1,-1,1,3,-8,4,0,0,0
1,216,94,22,63,-41,22,-13,0,0,3,0,0,0,-1,-1,1,3,-8,4,0,0,0
1,217,90,18,64,-41,22,-13,0,0,3,0,0,0,-4,0,0,3,-8,3,0,0,0
1,218,84,15,65,-37,29,-13,0,0,3,0,0,0,-8,-3,-2,2,-8,3,0,0,0
1,219,84,15,65,-37,29,-13,0,-1,4,0,0,0,-8,-3,-2,2,-8,3,0,0,0
1,220,77,11,63,-37,29,-13,0,-1,4,0,0,0,-1,-2,-5,2,-8,4,0,0,0
1,221,71,6,62,-30,35,-12,2,-1,5,0,0,0,0,1,-11,1,-8,4,0,0,0
1,222,71,6,62,-30,35,-12,1,0,4,0,0,0,0,1,-11,1,-8,4,0,0,0
1,223,71,6,62,-30,35,-12,1,0,4,0,0,0,0,1,-14,1,-8,4,0,0,0
1,224,66,1,62,-30,35,-12,1,0,4,0,0,0,0,1,-14,0,-8,4,0,0,0
1,225,66,1,62,-30,35,-12,0,1,5,0,0,0,0,1,-14,0,-8,4,0,0,0
1,226,61,-5,61,-30,35,-12,0,1,5,0,0,0,1,3,-14,0,-8,4,0,0,0
1,227,61,-5,61,-30,35,-12,0,2,6,0,0,0,1,3,-14,0,-8,4,0,0,0
1,228,56,-12,60,-23,41,-13,0,2,6,0,0,0,-1,8,-10,-1,-8,4,0,0,0
1,229,56,-12,60,-23,41,-13,0,3,6,0,0,0,-1,8,-10,-1,-8,4,0,0,0
1,230,50,-21,61,-23,41,-13,0,3,6,0,0,0,-14,9,-5,-2,-8,4,0,0,0
1,231,44,-31,61,-23,41,-13,0,3,7,0,0,0,-18,5,-5,-4,-7,4,0,0,0
1,232,44,-31,61,-23,41,-13,0,3,7,0,0,0,-18,5,-5,-4,-7,4,0,0,0
1,233,38,-40,61,-10,44,-13,0,3,7,0,0,0,-13,0,-4,-5,-6,3,0,0,0
1,234,38,-40,61,-10,44,-13,0,3,7,0,0,0,-13,0,-4,-5,-6,3,0,0,0
1,235,32,-48,61,-10,44,-13,0,3,7,0,0,0,-11,0,-4,-6,-6,3,0,0,0
1,236,26,-56,60,8,45,-14,0,3,6,0,0,0,-8,1,-4,-7,-5,2,0,0,0
1,237,26,-56,60,8,45,-14,0,3,6,0,0,0,-8,1,-4,-7,-5,2,0,0,0
1,238,20,-64,62,8,45,-14,0,3,6,0,0,0,-10,2,0,-8,-4,2,0,0,0
1,239,12,-71,66,8,45,-14,-1,3,5,0,0,0,-15,-1,0,-8,-3,1,0,0,0
1,240,5,-77,70,24,40,-10,-2,2,5,0,0,0,-13,-5,0,-9,-2,1,0,0,0
1,241,5,-77,70,24,40,-10,-2,2,4,0,0,0,-13,-5,0,-9,-2,1,0,0,0
1,242,103,-82,74,24,40,-10,-2,2,4,0,0,0,-9,-5,0,-9,-1,0,0,0,0
1,243,103,-82,74,24,40,-10,-1,1,4,0,0,0,-9,-5,0,-9,-1,0,0,0,0
1,244,97,-87,2,36,32,-2,-1,1,4,0,0,0,-8,-5,0,-9,-1,0,0,0,0
1,245,97,-87,2,36,32,-2,-1,1,3,0,0,0,-8,-5,0,-9,-1,0,0,0,0
1,246,91,-88,78,36,32,-2,-1,1,3,0,0,0,-6,-5,0,-9,0,0,0,0,0
1,247,88,-85,79,36,32,-2,-1,1,3,0,0,0,-6,-5,1,-9,0,0,0,0,0
1,248,88,-85,79,36,32,-2,-1,2,3,0,0,0,-6,-5,1,-9,0,0,0,0,0
1,249,82,-81,127,43,23,2,-1,2,3,0,0,0,-6,-6,1,-9,0,0,0,0,0
1,250,82,-81,127,43,23,2,-1,2,2,0,0,0,-6,-6,1,-9,0,0,0,0,0
1,251,77,-78,-128,43,23,2,-1,2,2,0,0,0,-5,-6,1,-9,1,-1,0,0,0
1,252,77,-78,-128,43,23,2,-1,2,1,0,0,0,-5,-6,1,-9,1,-1,0,0,0
1,253,73,-74,127,44,15,7,-1,2,1,0,0,0,-5,-5,1,-9,1,-1,0,0,0
1,254,73,-74,127,44,15,7,-1,2,1,0,0,0,-5,-5,1,-9,1,-1,0,0,0
1,255,69,-72,126,44,15,7,-1,2,1,0,0,0,-5,-5,1,-9,2,-1,0,0,0
1,256,65,-71,127,44,15,7,-2,1,0,0,0,0,-4,-5,0,-9,2,-1,0,0,0
1,257,65,-71,127,46,10,12,-2,0,0,0,0,0,-4,-6,0,-9,2,-1,0,0,0
1,258,61,-71,-126,46,10,12,-2,0,0,0,0,0,-4,-6,0,-9,2,-1,0,0,0
1,259,61,-71,-126,46,10,12,-2,0,0,0,0,0,-4,-6,0,-9,2,-1,0,0,0
1,260,60,-72,-123,46,10,12,-2,0,0,0,0,0,-2,-7,0,-9,2,-1,0,0,0
1,261,60,-72,-123,46,10,12,-1,0,0,0,0,0,-2,-7,0,-9,2,-1,0,0,0
1,262,59,-73,-120,46,10,12,-1,0,0,0,0,0,-1,-6,0,-9,2,-1,0,0,0
1,263,58,-74,-118,43,7,14,-1,0,0,0,0,0,0,-5,0,-9,2,-1,0,0,0
1,264,58,-74,-118,43,7,14,-1,0,0,0,0,0,0,-5,0,-9,2,-1,0,0,0
1,265,57,-76,-115,43,7,14,-1,0,0,0,0,0,0,-4,0,-9,2,-1,0,0,0
1,266,57,-77,-113,44,6,14,-1,0,-1,0,0,0,0,-2,0,-9,2,-1,0,0,0
1,267,57,-79,-111,44,6,14,-1,0,-1,0,0,0,0,-2,0,-9,1,0,0,0,0
1,268,57,-79,-111,44,6,14,-1,0,-1,0,0,0,0,-2,0,-9,1,0,0,0,0
1,269,57,-81,-109,44,6,14,-1,0,-1,0,0,0,0,-2,0,-9,1,0,0,0,0
1,270,57,-81,-108,44,7,14,-1,0,-1,0,0,0,0,-2,0,-9,1,0,0,0,0
1,271,56,-82,-108,44,7,14,-1,0,-1,0,0,0,0,-2,0,-9,1,0,0,0,0
1,272,57,-83,82,44,7,14,-1,0,0,0,0,0,0,-2,0,-9,1,0,0,0,0
1,273,57,-83,82,44,7,14,0,0,0,0,0,0,0,-2,0,-9,1,0,0,0,0
1,274,58,-84,82,45,9,13,0,0,0,0,0,0,-1,-2,0,-9,0,0,0,0,0
1,275,59,-85,81,45,9,13,0,0,0,0,0,0,-1,0,1,-9,0,0,0,0,0
1,276,61,-85,-4,45,10,16,1,-1,0,0,0,0,0,0,1,-9,0,0,0,0,0
1,277,61,-85,-4,45,10,16,1,-1,0,0,0,0,0,0,1,-9,0,0,0,0,0
1,278,64,-86,-3,45,10,16,1,-1,0,0,0,0,0,0,1,-9,0,0,0,0,0
1,279,65,-86,-3,45,10,16,1,-1,0,0,0,0,0,0,1,-9,0,0,0,0,0
1,280,68,-86,-1,43,11,12,1,-1,0,0,0,0,0,0,1,-9,0,0,0,0,0
1,281,68,-86,-1,43,11,12,1,0,-1,0,0,0,0,0,1,-9,0,0,0,0,0
1,282,71,-86,0,43,11,12,1,0,-1,0,0,0,0,0,0,-9,0,0,0,0,0
1,283,73,-85,0,43,11,12,1,0,-1,0,0,0,0,0,0,-9,0,0,0,0,0
1,284,75,-84,1,45,13,9,0,0,-1,0,0,0,0,0,0,-9,0,0,0,0,0
1,285,75,-84,1,45,13,9,0,0,0,0,0,0,0,0,0,-9,0,0,0,0,0
1,286,76,-83,2,45,13,9,0,0,0,0,0,0,0,0,0,-9,0,0,0,0,0
1,287,77,-83,3,45,17,6,0,0,0,0,0,0,0,0,0,-9,0,0,0,0,0
1,288,78,-83,3,45,17,6,0,0,0,0,0,0,0,0,0,-9,0,0,0,0,0
1,289,78,-83,3,45,17,6,0,0,0,0,0,0,0,0,0,-9,0,0,0,0,0
1,290,78,-83,4,45,17,6,0,0,0,0,0,0,0,0,0,-9,0,0,0,0,0
1,291,79,-83,4,43,18,5,0,0,0,0,0,0,0,2,-1,-9,0,0,0,0,0
1,292,79,-83,4,43,18,5,0,0,0,0,0,0,0,2,-1,-9,0,0,0,0,0
1,293,80,-83,4,43,18,5,0,0,0,0,0,0,0,1,0,-9,0,0,0,0,0
1,294,82,-83,5,43,18,5,1,0,0,0,0,0,0,0,0,-9,0,0,0,0,0
1,295,83,-83,5,43,20,6,1,0,0,0,0,0,0,1,0,-9,0,0,0,0,0
1,296,83,-83,5,43,20,6,0,0,0,0,0,0,0,1,0,-9,0,0,0,0,0
1,297,84,-83,5,43,20,6,0,0,0,0,0,0,0,0,0,-9,0,0,0,0,0
1,298,84,-83,62,43,21,7,0,0,0,0,0,0,0,0,0,-9,-1,0,0,0,0
1,299,84,-83,62,43,21,7,0,0,0,0,0,0,0,0,0,-9,-1,0,0,0,0
1,300,85,-82,62,43,21,7,0,0,0,0,0,0,0,0,0,-9,-1,0,0,0,0
1,301,86,-82,63,43,21,7,0,0,0,0,0,0,0,0,0,-9,-1,0,0,0,0
1,302,87,-82,65,43,22,4,0,0,0,0,0,0,0,0,0,-9,-1,0,0,0,0
1,303,87,-82,65,43,22,4,0,0,0,0,0,0,0,0,0,-9,-1,0,0,0,0
1,304,88,-82,65,43,22,4,0,0,0,0,0,0,0,0,0,-9,-1,0,0,0,0
1,305,89,-82,66,43,22,4,0,0,0,0,0,0,0,0,0,-9,-1,0,0,0,0
1,306,90,-81,67,41,22,4,0,0,0,0,0,0,0,0,0,-9,-1,0,0,0,0
1,307,90,-81,67,41,22,4,0,0,0,0,0,0,0,0,0,-9,-1,0,0,0,0
1,308,91,-81,68,41,22,4,0,0,0,0,0,0,0,0,0,-9,-1,0,0,0,0
1,309,91,-81,68,41,22,4,0,0,0,0,0,0,0,0,0,-9,-1,0,0,0,0
1,310,91,-81,68,41,22,4,0,0,0,0,0,0,0,0,0,-9,-1,0,0,0,0
1,311,92,-81,69,41,23,6,0,0,0,0,0,0,0,0,0,-9,-1,0,0,0,0
1,312,93,-80,70,41,23,6,0,0,0,0,0,0,0,0,0,-9,-1,0,0,0,0
1,313,93,-80,70,41,23,6,0,0,0,0,0,0,0,0,0,-9,-1,0,0,0,0
1,314,94,-80,71,42,23,6,0,0,0,0,0,0,0,0,0,-9,-1,0,0,0,0
1,315,94,-80,71,42,23,6,0,0,0,0,0,0,0,0,0,-9,-1,0,0,0,0
1,316,95,-80,72,42,23,6,0,0,0,0,0,0,0,0,0,-9,-1,0,0,0,0
1,317,96,-79,72,42,23,6,0,0,0,0,0,0,0,0,0,-9,-1,0,0,0,0
1,318,96,-79,72,42,23,6,0,0,0,0,0,0,0,0,0,-9,-1,0,0,0,0
1,319,97,-79,72,41,25,5,0,0,0,0,0,0,0,0,0,-9,-1,0,0,0,0
1,320,98,-79,73,41,25,5,0,0,0,0,0,0,0,0,0,-9,-1,0,0,0,0
1,321,98,-79,73,41,25,5,0,0,0,0,0,0,0,0,0,-9,-1,0,0,0,0
1,322,99,-78,74,41,25,5,0,0,0,0,0,0,0,0,0,-9,-1,0,0,0,0
1,323,100,-78,75,40,25,2,0,0,0,0,0,0,0,0,0,-9,-1,0,0,0,0
1,324,100,-78,75,40,25,2,0,0,0,0,0,0,0,0,0,-9,-1,0,0,0,0
1,325,101,-78,76,40,25,2,0,0,0,0,0,0,0,0,0,-9,-1,0,0,0,0
1,326,102,-78,77,39,26,3,0,0,0,0,0,0,0,0,0,-9,-1,0,0,0,0
1,327,102,-78,77,39,26,3,0,0,0,0,0,0,0,0,0,-9,-1,0,0,0,0
1,328,103,-78,78,39,26,3,0,0,0,0,0,0,0,0,0,-9,-1,0,0,0,0
1,329,103,-78,78,39,26,3,0,0,0,0,0,0,0,0,0,-9,-1,0,0,0,0
1,330,0,-78,79,40,27,1,0,0,0,0,0,0,0,0,0,-9,-1,0,0,0,0
1,331,0,-78,79,40,27,1,0,0,0,0,0,0,0,0,0,-9,-1,0,0,0,0
1,332,1,-78,79,40,27,1,0,0,0,0,0,0,0,0,0,-9,-1,0,0,0,0
1,333,2,-78,79,40,27,1,0,0,0,0,0,0,0,0,0,-9,-1,0,0,0,0
1,334,2,-78,79,38,27,2,0,0,0,0,0,0,0,0,0,-9,-1,0,0,0,0
1,335,2,-78,79,38,27,2,0,0,0,0,0,0,0,0,0,-9,-1,0,0,0,0
1,336,3,-78,79,38,27,2,0,0,0,0,0,0,0,0,0,-9,-1,0,0,0,0
1,337,4,-78,78,38,27,2,0,0,0,0,0,0,0,0,0,-9,-1,0,0,0,0
1,338,4,-78,78,38,27,2,0,0,0,0,0,0,0,0,0,-9,-1,0,0,0,0
1,339,4,-78,78,38,27,2,0,0,0,0,0,0,0,0,0,-9,-1,0,0,0,0
1,340,5,-78,78,38,27,2,0,0,0,0,0,0,0,0,0,-9,-1,0,0,0,0
1,341,5,-78,78,38,27,2,0,0,0,0,0,0,0,0,0,-9,-1,0,0,0,0
1,342,6,-78,78,40,28,0,0,0,0,0,0,0,0,0,0,-9,-1,0,0,0,0
1,343,6,-78,78,40,28,0,0,0,0,0,0,0,0,0,0,-9,-1,0,0,0,0
1,344,6,-78,78,40,28,0,0,0,0,0,0,0,0,0,0,-9,-1,0,0,0,0
1,345,7,-78,77,40,28,0,0,0,0,0,0,0,0,0,0,-9,-1,0,0,0,0
1,346,8,-78,77,41,27,-1,0,0,0,0,0,0,0,0,0,-9,-1,0,0,0,0
1,347,8,-78,76,41,27,-1,0,0,0,0,0,0,0,0,0,-9,-1,0,0,0,0
1,348,8,-78,76,39,28,-1,0,0,0,0,0,0,0,0,0,-9,-1,0,0,0,0
1,349,8,-78,76,39,28,-1,0,0,0,0,0,0,0,0,0,-9,-1,0,0,0,0
1,350,9,-78,76,39,28,-1,0,0,0,0,0,0,0,0,0,-9,-1,0,0,0,0
1,351,9,-78,76,39,28,-1,0,0,0,0,0,0,0,0,0,-9,-1,0,0,0,0
1,352,9,-78,76,39,28,-1,0,0,0,0,0,0,0,0,0,-9,-1,0,0,0,0
1,353,9,-78,75,40,28,0,0,0,0,0,0,0,0,0,0,-9,-1,0,0,0,0
1,354,9,-78,75,40,28,0,0,0,0,0,0,0,0,0,0,-9,-1,0,0,0,0
1,355,9,-78,74,40,28,0,0,0,0,0,0,0,0,0,0,-9,-1,0,0,0,0
1,356,10,-78,72,40,28,0,0,0,0,0,0,0,0,0,0,-9,-1,0,0,0,0
1,357,10,-78,72,40,28,0,0,0,0,0,0,0,0,0,0,-9,-1,0,0,0,0
1,358,10,-78,71,40,28,0,0,0,0,0,0,0,0,0,0,-9,-1,0,0,0,0
1,359,11,-78,70,40,28,0,0,0,0,0,0,0,0,0,0,-9,-1,0,0,0,0
1,360,11,-78,70,40,28,0,0,0,0,0,0,0,0,0,0,-9,-1,0,0,0,0
1,361,12,-78,69,40,28,-1,0,0,0,0,0,0,0,0,0,-9,-1,0,0,0,0
1,362,12,-77,69,40,28,-1,0,0,0,0,0,0,0,0,0,-9,-1,0,0,0,0
1,363,12,-77,69,40,28,-1,0,0,0,0,0,0,0,0,0,-9,-1,0,0,0,0
1,364,13,-77,68,40,28,-1,0,0,0,0,0,0,0,0,0,-9,-1,0,0,0,0
1,365,14,-77,68,39,29,-2,0,0,0,0,0,0,0,0,0,-9,-1,0,0,0,0
1,366,14,-77,68,39,29,-2,0,0,0,0,0,0,0,0,0,-9,-1,0,0,0,0
1,367,15,-76,68,39,29,-2,0,0,0,0,0,0,0,0,0,-9,-2,0,0,0,0
1,368,16,-76,68,40,28,-4,0,0,0,0,0,0,0,0,0,-9,-2,0,0,0,0
1,369,16,-76,68,40,28,-4,0,0,0,0,0,0,0,0,0,-9,-2,0,0,0,0
1,370,16,-76,68,40,28,-4,0,0,0,0,0,0,0,0,0,-9,-2,0,0,0,0
1,371,17,-76,68,40,28,-4,0,0,0,0,0,0,0,0,0,-9,-2,0,0,0,0
1,372,17,-76,68,40,28,-4,0,0,0,0,0,0,0,0,0,-9,-2,0,0,0,0
1,373,18,-76,68,39,29,-5,0,0,0,0,0,0,0,0,0,-9,-2,0,0,0,0
1,374,19,-75,68,39,29,-5,0,0,0,0,0,0,0,0,0,-9,-2,0,0,0,0
1,375,19,-75,68,39,29,-5,0,0,0,0,0,0,0,0,0,-9,-2,0,0,0,0
1,376,20,-75,68,39,29,-5,0,0,0,0,0,0,0,0,0,-9,-2,0,0,0,0
1,377,21,-75,68,39,30,-5,0,0,0,0,0,0,0,0,0,-9,-2,0,0,0,0
1,378,21,-75,68,39,30,-5,0,0,0,0,0,0,0,0,0,-9,-2,0,0,0,0
1,379,21,-75,68,39,30,-5,0,0,0,0,0,0,0,0,0,-9,-2,0,0,0,0
1,380,21,-75,68,39,30,-5,0,0,0,0,0,0,0,0,0,-9,-2,0,0,0,0
1,381,22,-75,68,38,29,-7,0,0,0,0,0,0,0,0,0,-9,-2,0,0,0,0
1,382,22,-75,68,38,29,-7,0,0,0,0,0,0,0,0,0,-9,-2,0,0,0,0
1,383,22,-75,68,38,29,-7,0,0,0,0,0,0,0,0,0,-9,-2,0,0,0,0
1,384,23,-75,68,38,29,-7,0,0,0,0,0,0,0,0,0,-9,-2,0,0,0,0
1,385,24,-75,68,38,29,-6,0,0,0,0,0,0,0,0,0,-9,-2,0,0,0,0
1,386,24,-75,68,38,29,-6,0,0,0,0,0,0,0,0,0,-9,-2,0,0,0,0
1,387,24,-75,68,38,29,-6,0,0,0,0,0,0,0,0,0,-9,-2,0,0,0,0
1,388,24,-75,68,38,29,-6,0,0,0,0,0,0,0,0,0,-9,-2,0,0,0,0
1,389,24,-75,68,38,29,-6,0,0,0,0,0,0,0,0,0,-9,-2,0,0,0,0
1,390,24,-75,68,38,29,-6,0,0,0,0,0,0,0,0,0,-9,-2,0,0,0,0
1,391,25,-75,68,37,30,-5,0,0,0,0,0,0,0,0,0,-9,-2,0,0,0,0
1,392,25,-75,68,37,30,-5,0,0,0,0,0,0,0,0,0,-9,-2,0,0,0,0
1,393,25,-75,68,37,30,-5,0,0,0,0,0,0,0,0,0,-9,-2,0,0,0,0
1,394,26,-75,67,38,30,-6,0,0,0,0,0,0,0,0,0,-9,-2,0,0,0,0
1,395,26,-75,67,38,30,-6,0,0,0,0,0,0,0,0,0,-9,-2,0,0,0,0
1,396,27,-75,67,38,30,-6,0,0,0,0,0,0,0,0,0,-9,-2,0,0,0,0
1,397,27,-75,67,39,29,-7,0,0,0,0,0,0,0,0,0,-9,-2,0,0,0,0
1,398,27,-75,67,39,29,-7,0,0,0,0,0,0,0,0,0,-9,-2,0,0,0,0
1,399,28,-75,66,39,29,-7,0,0,0,0,0,0,0,0,0,-9,-2,0,0,0,0
1,400,28,-75,66,39,29,-7,0,0,0,0,0,0,0,0,0,-9,-2,0,0,0,0
1,401,28,-75,66,39,29,-7,0,0,0,0,0,0,0,0,0,-9,-2,0,0,0,0
1,402,29,-75,66,37,29,-9,0,0,0,0,0,0,0,0,0,-9,-2,1,0,0,0
1,403,29,-75,66,37,29,-9,0,0,0,0,0,0,0,0,0,-9,-2,1,0,0,0
1,404,29,-75,66,37,29,-9,0,0,0,0,0,0,0,0,0,-9,-2,1,0,0,0
1,405,30,-75,66,37,29,-9,0,0,0,0,0,0,0,0,0,-9,-2,1,0,0,0
1,406,30,-75,66,37,29,-11,0,0,0,0,0,0,0,0,0,-9,-2,1,0,0,0
1,407,30,-75,66,37,29,-11,0,0,0,0,0,0,0,0,0,-9,-2,1,0,0,0
1,408,31,-75,65,37,29,-11,0,0,0,0,0,0,0,0,0,-9,-2,1,0,0,0
1,409,32,-74,64,37,29,-11,0,0,0,0,0,0,0,0,0,-9,-2,1,0,0,0
1,410,32,-74,64,37,29,-11,0,0,0,0,0,0,0,0,0,-9,-2,1,0,0,0
1,411,32,-74,63,37,29,-11,0,0,0,0,0,0,0,0,0,-9,-2,1,0,0,0
1,412,32,-74,63,37,29,-11,0,0,0,0,0,0,0,0,0,-9,-2,1,0,0,0
1,413,32,-74,63,37,29,-11,0,0,0,0,0,0,0,0,0,-9,-2,1,0,0,0
1,414,33,-74,63,35,27,-12,0,0,0,0,0,0,0,0,0,-9,-2,1,0,0,0
1,415,33,-74,62,35,27,-12,0,0,0,0,0,0,0,0,0,-9,-2,1,0,0,0
1,416,33,-74,62,35,27,-12,0,0,0,0,0,0,0,0,0,-9,-2,1,0,0,0
1,417,33,-74,62,35,27,-12,0,0,0,0,0,0,0,0,0,-9,-2,1,0,0,0
1,418,33,-74,62,35,27,-12,0,0,0,0,0,0,0,0,0,-9,-2,1,0,0,0
1,419,33,-74,62,36,28,-10,0,0,0,0,0,0,0,0,0,-9,-2,1,0,0,0
1,420,33,-74,62,36,28,-10,0,0,0,0,0,0,0,0,0,-9,-2,1,0,0,0
1,421,33,-74,62,36,28,-10,0,0,0,0,0,0,0,0,0,-9,-2,1,0,0,0
1,422,33,-74,62,36,28,-10,0,0,0,0,0,0,0,0,0,-9,-2,1,0,0,0
1,423,34,-74,61,36,29,-13,0,0,0,0,0,0,0,0,0,-9,-2,1,0,0,0
1,424,34,-74,61,36,29,-13,0,0,0,0,0,0,0,0,0,-9,-2,1,0,0,0
1,425,34,-73,60,36,29,-13,0,0,0,0,0,0,0,0,0,-9,-2,1,0,0,0
1,426,34,-73,59,37,28,-13,0,0,0,0,0,0,0,0,0,-9,-2,1,0,0,0
1,427,34,-73,59,37,28,-13,0,0,0,0,0,0,0,0,0,-9,-2,1,0,0,0
1,428,34,-73,58,37,28,-13,0,0,0,0,0,0,0,0,0,-9,-2,1,0,0,0
1,429,34,-73,56,37,28,-13,0,0,0,0,0,0,0,0,0,-9,-2,1,0,0,0
1,430,34,-73,56,37,28,-13,0,0,0,0,0,0,0,0,0,-9,-2,1,0,0,0
1,431,34,-73,56,37,28,-13,0,0,0,0,0,0,0,0,0,-9,-2,1,0,0,0
1,432,34,-72,55,35,29,-15,0,0,0,0,0,0,0,0,0,-9,-2,1,0,0,0
1,433,34,-72,55,35,29,-15,0,0,0,0,0,0,0,0,0,-9,-2,1,0,0,0
1,434,34,-72,54,35,29,-15,0,0,0,0,0,0,0,0,0,-9,-2,1,0,0,0
1,435,35,-72,52,35,28,-16,0,0,0,0,0,0,0,0,0,-9,-2,1,0,0,0
1,436,35,-72,52,35,28,-16,0,0,0,0,0,0,0,0,0,-9,-2,1,0,0,0
1,437,35,-71,51,35,28,-16,0,0,0,0,0,0,0,0,0,-9,-2,1,0,0,0
1,438,35,-71,49,35,28,-16,0,0,0,0,0,0,0,0,0,-9,-2,1,0,0,0
1,439,35,-71,49,35,28,-16,0,0,0,0,0,0,0,0,0,-9,-2,1,0,0,0
1,440,35,-71,49,35,28,-16,0,0,0,0,0,0,0,0,0,-9,-2,1,0,0,0
1,441,36,-70,48,36,28,-16,0,0,0,0,0,0,0,0,0,-9,-2,2,0,0,0
1,442,36,-70,46,36,28,-16,0,0,0,0,0,0,0,0,0,-9,-2,2,0,0,0
1,443,36,-70,46,36,28,-16,0,0,0,0,0,0,0,0,0,-9,-2,2,0,0,0
1,444,36,-70,46,35,29,-18,0,0,0,0,0,0,0,0,0,-9,-2,2,0,0,0
1,445,36,-70,46,35,29,-18,0,0,0,0,0,0,0,0,0,-9,-2,2,0,0,0
1,446,36,-69,45,35,29,-18,0,0,0,0,0,0,0,0,0,-9,-2,2,0,0,0
1,447,36,-69,45,35,29,-18,0,0,0,0,0,0,0,0,0,-9,-2,2,0,0,0
1,448,36,-69,45,35,27,-18,0,0,0,0,0,0,0,0,0,-9,-2,2,0,0,0
1,449,36,-69,45,35,27,-18,0,0,0,0,0,0,0,0,0,-9,-2,2,0,0,0
1,450,36,-68,44,35,27,-18,0,0,0,0,0,0,0,0,0,-9,-2,2,0,0,0
1,451,37,-68,44,35,27,-18,0,0,0,0,0,0,0,0,0,-9,-2,2,0,0,0
1,452,37,-68,44,35,27,-18,0,0,0,0,0,0,0,0,0,-9,-2,2,0,0,0
1,453,37,-67,43,34,28,-20,0,0,0,0,0,0,0,0,0,-9,-2,2,0,0,0
1,454,37,-67,43,34,28,-20,0,0,0,0,0,0,0,0,0,-9,-2,2,0,0,0
1,455,37,-67,42,33,28,-18,0,0,0,0,0,0,0,0,0,-9,-2,2,0,0,0
1,456,37,-67,42,33,28,-18,0,0,0,0,0,0,0,0,0,-9,-2,2,0,0,0
1,457,37,-67,42,33,28,-18,0,0,0,0,0,0,0,0,0,-9,-2,2,0,0,0
1,458,37,-66,41,33,28,-18,0,0,0,0,0,0,0,0,0,-9,-2,2,0,0,0
1,459,37,-66,41,35,28,-19,0,0,0,0,0,0,0,0,0,-8,-2,2,0,0,0
1,460,37,-66,41,35,28,-19,0,0,0,0,0,0,0,0,0,-8,-2,2,0,0,0
1,461,37,-66,41,35,28,-19,0,0,0,0,0,0,0,0,0,-8,-2,2,0,0,0
1,462,37,-66,41,35,28,-19,0,0,0,0,0,0,0,0,0,-8,-2,2,0,0,0
1,463,37,-65,40,35,28,-19,0,0,0,0,0,0,0,0,0,-8,-2,3,0,0,0
1,464,37,-65,40,35,28,-19,0,0,0,0,0,0,0,0,0,-8,-2,3,0,0,0
1,465,37,-65,40,32,28,-20,0,0,0,0,0,0,0,0,0,-8,-2,3,0,0,0
1,466,38,-65,40,32,28,-20,0,0,0,0,0,0,0,0,0,-8,-2,3,0,0,0
1,467,38,-65,40,32,28,-20,0,0,0,0,0,0,0,0,0,-8,-2,3,0,0,0
1,468,38,-64,39,34,29,-22,0,0,0,0,0,0,0,0,0,-8,-2,3,0,0,0
1,469,39,-64,39,34,29,-22,0,0,0,0,0,0,0,0,0,-8,-2,3,0,0,0
1,470,39,-64,39,34,29,-22,0,0,0,0,0,0,0,0,0,-8,-2,3,0,0,0
1,471,39,-64,39,34,29,-22,0,0,0,0,0,0,0,0,0,-8,-2,3,0,0,0
1,472,39,-64,39,34,29,-22,0,0,0,0,0,0,0,0,0,-8,-2,3,0,0,0
1,473,39,-63,38,33,29,-20,0,0,0,0,0,0,0,0,0,-8,-2,3,0,0,0
1,474,39,-63,38,33,29,-20,0,0,0,0,0,0,0,0,0,-8,-2,3,0,0,0
1,475,39,-63,38,33,29,-20,0,0,0,0,0,0,0,0,0,-8,-2,3,0,0,0
1,476,40,-63,37,33,28,-21,0,0,0,0,0,0,0,0,0,-8,-2,3,0,0,0
1,477,40,-63,37,33,28,-21,0,0,0,0,0,0,0,0,0,-8,-2,3,0,0,0
1,478,40,-63,37,33,28,-21,0,0,0,0,0,0,0,0,0,-8,-2,3,0,0,0
1,479,41,-62,36,33,28,-21,0,0,0,0,0,0,0,0,0,-8,-2,3,0,0,0
1,480,41,-62,36,30,29,-20,0,0,0,0,0,0,0,0,0,-8,-2,3,0,0,0
1,481,41,-62,36,30,29,-20,0,0,0,0,0,0,0,0,0,-8,-2,3,0,0,0
1,482,41,-62,35,30,29,-20,0,0,0,0,0,0,0,0,0,-8,-2,3,0,0,0
1,483,41,-62,35,30,29,-20,0,0,0,0,0,0,0,0,0,-8,-2,3,0,0,0
1,484,42,-62,34,30,29,-20,0,0,0,0,0,0,0,0,0,-8,-2,3,0,0,0
1,485,42,-61,34,31,29,-22,0,0,0,0,0,0,0,0,0,-8,-2,3,0,0,0
1,486,42,-61,34,31,29,-22,0,0,0,0,0,0,0,0,0,-8,-2,3,0,0,0
1,487,43,-61,33,31,29,-22,0,0,0,0,0,0,0,0,0,-8,-2,3,0,0,0
1,488,43,-61,33,31,29,-22,0,0,0,0,0,0,0,0,0,-8,-2,3,0,0,0
1,489,43,-61,32,30,28,-25,0,0,0,0,0,0,0,0,0,-8,-2,3,0,0,0
1,490,43,-60,32,30,28,-25,0,0,0,0,0,0,0,0,0,-8,-2,3,0,0,0
1,491,43,-60,31,30,28,-25,0,0,0,0,0,0,0,0,0,-8,-2,4,0,0,0
1,492,44,-60,31,30,27,-24,0,0,0,0,0,0,0,0,0,-8,-2,4,0,0,0
1,493,44,-60,31,30,27,-24,0,0,0,0,0,0,0,0,0,-8,-2,4,0,0,0
1,494,44,-60,30,30,27,-24,0,0,0,0,0,0,0,0,0,-8,-2,4,0,0,0
1,495,44,-60,30,30,27,-24,0,0,0,0,0,0,0,0,0,-8,-2,4,0,0,0
1,496,44,-60,29,30,27,-24,0,0,0,0,0,0,0,0,0,-8,-2,4,0,0,0
1,497,44,-59,28,28,26,-26,0,0,0,0,0,0,0,0,0,-8,-2,4,0,0,0
1,498,44,-59,28,28,26,-26,0,0,0,0,0,0,0,0,0,-8,-2,4,0,0,0
1,499,45,-59,27,28,26,-26,0,0,0,0,0,0,0,0,0,-8,-2,4,0,0,0
1,500,45,-59,27,30,25,-27,0,0,0,0,0,0,0,0,0,-8,-2,4,0,0,0
1,501,45,-59,27,30,25,-27,0,0,0,0,0,0,0,0,0,-8,-2,4,0,0,0
1,502,45,-59,26,30,25,-27,0,0,0,0,0,0,0,0,0,-8,-2,4,0,0,0
1,503,45,-58,26,30,25,-27,0,0,0,0,0,0,0,0,0,-8,-2,4,0,0,0
1,504,45,-58,25,30,26,-25,0,0,0,0,0,0,0,0,0,-8,-2,4,0,0,0
1,505,45,-58,25,30,26,-25,0,0,0,0,0,0,0,0,0,-8,-2,4,0,0,0
1,506,45,-58,25,30,26,-25,0,0,0,0,0,0,0,0,0,-8,-2,4,0,0,0
1,507,45,-58,24,29,26,-27,0,0,0,0,0,0,0,0,0,-8,-2,4,0,0,0
1,508,45,-58,24,29,26,-27,0,0,0,0,0,0,0,0,0,-8,-2,4,0,0,0
1,509,45,-57,24,29,26,-27,0,0,0,0,0,0,0,0,0,-8,-2,4,0,0,0
1,510,45,-57,23,29,26,-27,0,0,0,0,0,0,0,0,0,-8,-2,4,0,0,0
1,511,45,-57,23,29,26,-27,0,0,0,0,0,0,0,0,0,-8,-2,4,0,0,0
1,512,45,-57,23,29,25,-28,0,0,0,0,0,0,0,0,0,-8,-2,4,0,0,0
1,513,45,-57,23,29,25,-28,0,0,0,0,0,0,0,0,0,-8,-2,4,0,0,0
1,514,46,-57,23,29,25,-28,0,0,0,0,0,0,0,0,0,-8,-2,4,0,0,0
1,515,46,-57,23,29,25,-28,0,0,0,0,0,0,0,0,0,-8,-2,4,0,0,0
1,516,46,-57,23,29,25,-28,0,0,0,0,0,0,0,0,0,-8,-2,4,0,0,0
1,517,46,-57,22,29,24,-30,0,0,0,0,0,0,0,0,0,-8,-2,4,0,0,0
1,518,46,-57,22,29,24,-30,0,0,0,0,0,0,0,0,0,-8,-2,4,0,0,0
1,519,46,-56,22,29,24,-30,0,0,0,0,0,0,0,0,0,-8,-2,4,0,0,0
1,520,46,-56,22,29,24,-30,0,0,0,0,0,0,0,0,0,-8,-2,4,0,0,0
1,521,46,-56,22,28,24,-31,0,0,0,0,0,0,0,0,0,-8,-2,4,0,0,0
1,522,46,-56,22,28,24,-31,0,0,0,0,0,0,0,0,0,-8,-2,4,0,0,0
1,523,46,-56,22,28,24,-31,0,0,0,0,0,0,0,0,0,-8,-2,4,0,0,0
1,524,47,-56,22,28,24,-31,0,0,0,0,0,0,0,0,0,-8,-2,5,0,0,0
1,525,47,-55,22,28,24,-31,0,0,0,0,0,0,0,0,0,-8,-2,5,0,0,0
1,526,47,-55,22,27,23,-32,0,0,0,0,0,0,0,0,0,-8,-2,5,0,0,0
1,527,47,-55,22,27,23,-32,0,0,0,0,0,0,0,0,0,-8,-2,5,0,0,0
1,528,47,-55,22,27,23,-32,0,0,0,0,0,0,0,0,0,-8,-2,5,0,0,0
1,529,47,-55,22,27,23,-32,0,0,0,0,0,0,0,0,0,-8,-2,5,0,0,0
1,530,47,-55,22,27,23,-32,0,0,0,0,0,0,0,0,0,-8,-2,5,0,0,0
1,531,47,-55,21,27,24,-29,0,0,0,0,0,0,0,0,0,-8,-2,5,0,0,0
1,532,47,-55,21,27,24,-29,0,0,0,0,0,0,0,0,0,-8,-2,5,0,0,0
1,533,47,-55,21,27,24,-29,0,0,0,0,0,0,0,0,0,-8,-2,5,0,0,0
1,534,47,-55,21,27,24,-29,0,0,0,0,0,0,0,0,0,-8,-2,5,0,0,0
1,535,47,-54,21,28,24,-30,0,0,0,0,0,0,0,0,0,-8,-2,5,0,0,0
1,536,47,-54,21,28,24,-30,0,0,0,0,0,0,0,0,0,-8,-2,5,0,0,0
1,537,47,-54,21,28,24,-30,0,0,0,0,0,0,0,0,0,-8,-2,5,0,0,0
1,538,47,-54,21,28,24,-30,0,0,0,0,0,0,0,0,0,-8,-2,5,0,0,0
1,539,47,-54,21,28,24,-30,0,0,0,0,0,0,0,0,0,-8,-2,5,0,0,0
1,540,49,-51,15,26,23,-32,0,0,0,0,0,0,0,0,0,-7,-1,5,0,0,0
1,541,49,-51,15,26,23,-32,0,0,0,0,0,0,0,0,0,-7,-1,5,0,0,0
1,542,49,-50,14,25,22,-34,0,0,0,0,0,0,0,0,0,-7,-1,5,0,0,0
1,543,50,-50,13,25,22,-34,0,0,0,0,0,0,0,0,0,-7,-1,6,0,0,0
1,544,50,-50,13,25,22,-34,0,0,0,0,0,0,0,0,0,-7,-1,6,0,0,0
1,545,51,-49,12,25,22,-34,0,0,0,0,0,0,0,0,0,-7,-1,6,0,0,0
1,546,51,-47,11,25,21,-35,0,0,0,0,0,0,0,0,0,-7,-1,6,0,0,0
1,547,51,-47,11,25,21,-35,0,0,0,0,0,0,0,0,0,-7,-1,6,0,0,0
1,548,52,-46,10,25,21,-35,0,0,0,0,0,0,0,0,0,-7,-1,6,0,0,0
1,549,52,-46,10,23,19,-37,0,0,0,0,0,0,0,0,0,-7,-1,6,0,0,0
1,550,52,-46,10,23,19,-37,0,-1,0,0,0,0,0,0,0,-7,-1,6,0,0,0
1,551,53,-45,9,23,19,-37,0,-1,0,0,0,0,0,0,0,-7,-1,6,0,0,0
1,552,53,-43,9,23,19,-37,0,-1,0,0,0,0,0,0,0,-6,-1,6,0,0,0
1,553,53,-43,9,23,19,-37,0,-1,0,0,0,0,0,0,0,-6,-1,6,0,0,0
1,554,54,-42,8,21,18,-39,0,-1,0,0,0,0,0,0,0,-6,-1,7,0,0,0
1,555,54,-41,8,21,18,-39,0,-1,0,0,0,0,0,0,0,-6,-1,7,0,0,0
1,556,54,-41,8,21,18,-39,0,0,0,0,0,0,0,0,0,-6,-1,7,0,0,0
1,557,55,-40,8,21,18,-39,0,0,0,0,0,0,0,0,0,-6,-1,7,0,0,0
1,558,55,-39,7,18,17,-42,0,0,0,0,0,0,0,0,0,-6,-1,7,0,0,0
1,559,55,-39,7,18,17,-42,0,0,0,0,0,0,0,0,0,-6,-1,7,0,0,0
1,560,56,-38,6,18,17,-42,0,0,0,0,0,0,0,0,0,-6,0,7,0,0,0
1,561,57,-37,6,14,16,-43,0,0,0,0,0,0,0,0,0,-6,0,7,0,0,0
1,562,57,-37,6,14,16,-43,0,0,0,0,0,0,0,0,0,-6,0,7,0,0,0
1,563,57,-37,5,14,16,-43,0,0,0,0,0,0,0,0,0,-6,0,7,0,0,0
1,564,57,-36,5,14,16,-43,0,0,0,0,0,0,0,0,0,-5,0,7,0,0,0
1,565,58,-36,4,13,15,-44,0,0,0,0,0,0,0,0,0,-5,0,7,0,0,0
1,566,58,-36,4,13,15,-44,0,0,0,0,0,0,0,0,0,-5,0,7,0,0,0
1,567,58,-35,4,13,15,-44,0,0,0,0,0,0,0,0,0,-5,0,7,0,0,0
1,568,59,-35,3,13,15,-44,0,0,0,0,0,0,0,0,0,-5,0,7,0,0,0
1,569,59,-35,3,13,15,-44,0,0,0,0,0,0,0,0,0,-5,0,7,0,0,0
1,570,61,-34,1,11,12,-44,0,0,0,0,0,0,0,0,0,-5,0,8,0,0,0
1,571,62,-33,1,11,12,-44,0,0,0,0,0,0,0,0,0,-5,0,8,0,0,0
1,572,62,-33,1,11,12,-44,0,0,0,0,0,0,0,0,0,-5,0,8,0,0,0
1,573,62,-33,1,11,12,-44,0,0,0,0,0,0,0,0,0,-5,0,8,0,0,0
1,574,62,-33,1,9,10,-43,0,0,0,0,0,0,0,0,0,-5,0,8,0,0,0
1,575,62,-33,1,9,10,-43,0,0,0,0,0,0,0,0,0,-5,0,8,0,0,0
1,576,62,-33,1,9,10,-43,0,0,0,0,0,0,0,0,0,-5,0,8,0,0,0
1,577,64,-33,0,9,10,-43,0,0,0,0,0,0,0,0,0,-5,0,8,0,0,0
1,578,64,-33,0,9,10,-43,0,0,0,0,0,0,0,0,0,-5,0,8,0,0,0
1,579,64,-33,0,9,10,-43,0,0,0,0,0,0,0,0,0,-5,0,8,0,0,0
1,580,64,-32,0,11,9,-47,0,0,0,0,0,0,0,0,0,-5,0,8,0,0,0
1,581,64,-32,0,11,9,-47,0,0,0,0,0,0,0,0,0,-5,0,8,0,0,0
1,582,65,-32,0,11,9,-47,0,0,0,0,0,0,0,0,0,-5,0,8,0,0,0
1,583,65,-31,0,11,9,-47,0,0,0,0,0,0,0,0,0,-5,0,8,0,0,0
1,584,65,-31,0,11,9,-47,0,0,0,0,0,0,0,0,0,-5,0,8,0,0,0
1,585,65,-31,-1,10,9,-45,0,0,0,0,0,0,0,0,0,-5,0,8,0,0,0
1,586,66,-31,-1,10,9,-45,0,0,0,0,0,0,0,0,0,-5,0,8,0,0,0
1,587,66,-31,-1,10,9,-45,0,0,0,0,0,0,0,0,0,-5,0,8,0,0,0
1,588,66,-30,-1,10,9,-45,0,0,0,0,0,0,0,0,0,-5,0,8,0,0,0
1,589,66,-30,-1,8,7,-46,0,0,0,0,0,0,0,0,0,-5,0,8,0,0,0
1,590,66,-30,-1,8,7,-46,0,0,0,0,0,0,0,0,0,-5,0,8,0,0,0
1,591,66,-30,-1,8,7,-46,0,0,0,0,0,0,0,0,0,-5,0,8,0,0,0
1,592,66,-30,-1,7,6,-46,0,0,0,0,0,0,0,0,0,-4,0,8,0,0,0
1,593,66,-30,-1,7,6,-46,0,0,0,0,0,0,0,0,0,-5,0,8,0,0,0
1,594,66,-30,-1,7,6,-46,0,0,0,0,0,0,0,0,0,-5,0,8,0,0,0
1,595,66,-30,-1,7,6,-46,0,0,0,0,0,0,0,0,0,-5,0,8,0,0,0
1,596,66,-30,-1,7,6,-46,0,0,0,0,0,0,0,0,0,-5,0,8,0,0,0
1,597,66,-31,-1,5,6,-47,0,0,0,0,0,0,0,0,0,-5,0,8,0,0,0
1,598,66,-31,-1,5,6,-47,0,0,0,0,0,0,0,0,0,-5,0,8,0,0,0
1,599,66,-31,-1,5,6,-47,0,0,0,0,0,0,0,0,0,-5,0,8,0,0,0
1,600,66,-31,-1,5,6,-47,0,0,0,0,0,0,0,0,0,-5,0,8,0,0,0
1,601,66,-31,-1,6,7,-46,0,0,0,0,0,0,0,0,0,-5,0,8,0,0,0
1,602,66,-31,-1,6,7,-46,0,0,0,0,0,0,0,0,0,-5,0,8,0,0,0
1,603,65,-31,0,6,7,-46,0,0,0,0,0,0,0,0,0,-5,0,8,0,0,0
1,604,65,-31,0,5,8,-47,0,0,0,0,0,0,0,0,0,-5,0,8,0,0,0
1,605,65,-31,0,5,8,-47,0,0,0,0,0,0,0,0,0,-5,0,8,0,0,0
1,606,65,-31,0,5,8,-47,0,0,0,0,0,0,0,0,0,-5,0,8,0,0,0
1,607,65,-31,0,5,8,-47,0,0,0,0,0,0,0,0,0,-5,0,8,0,0,0
1,608,65,-31,0,5,8,-47,0,0,0,0,0,0,0,0,0,-5,0,8,0,0,0
1,609,65,-32,0,6,8,-45,0,0,0,0,0,0,0,0,0,-5,0,8,0,0,0
1,610,65,-32,0,6,8,-45,0,0,0,0,0,0,0,0,0,-5,0,8,0,0,0
1,611,65,-32,0,6,8,-45,0,0,0,0,0,0,0,0,0,-5,0,8,0,0,0
1,612,65,-32,0,6,8,-45,0,0,0,0,0,0,0,0,0,-5,0,8,0,0,0
1,613,65,-32,0,6,8,-45,0,0,0,0,0,0,0,0,0,-5,0,8,0,0,0
1,614,64,-32,0,7,8,-46,0,0,0,0,0,0,0,0,0,-5,0,8,0,0,0
1,615,64,-32,0,7,8,-46,0,0,0,0,0,0,0,0,0,-5,0,8,0,0,0
1,616,64,-32,0,8,8,-46,0,0,0,0,0,0,0,0,0,-5,0,8,0,0,0
1,617,64,-32,0,8,8,-46,0,0,0,0,0,0,0,0,0,-5,0,8,0,0,0
1,618,64,-32,0,8,8,-46,0,0,0,0,0,0,0,0,0,-5,0,8,0,0,0
1,619,63,-32,0,9,8,-45,0,0,0,0,0,0,0,0,0,-5,0,8,0,0,0
1,620,63,-32,0,9,8,-45,0,0,0,0,0,0,0,0,0,-5,0,8,0,0,0
1,621,63,-33,0,9,8,-45,0,0,0,0,0,0,0,0,0,-5,0,8,0,0,0
1,622,63,-33,0,9,8,-45,0,0,0,0,0,0,0,0,0,-5,0,8,0,0,0
1,623,63,-33,0,9,9,-45,0,0,0,0,0,0,0,0,0,-5,0,8,0,0,0
1,624,63,-33,0,9,9,-45,0,0,0,0,0,0,0,0,0,-5,0,8,0,0,0
1,625,62,-34,0,9,9,-45,0,0,0,0,0,0,0,0,0,-5,0,8,0,0,0
1,626,62,-34,0,9,9,-45,0,0,0,0,0,0,0,0,0,-5,0,8,0,0,0
1,627,62,-34,0,9,9,-45,0,0,0,0,0,0,0,0,0,-5,0,8,0,0,0
1,628,62,-34,0,9,9,-45,0,0,0,0,0,0,0,0,0,-5,0,8,0,0,0
1,629,62,-34,0,8,9,-46,0,0,0,0,0,0,0,0,0,-5,0,8,0,0,0
1,630,62,-34,0,8,9,-46,0,0,0,0,0,0,0,0,0,-5,0,8,0,0,0
1,631,62,-34,0,8,9,-46,0,0,0,0,0,0,0,0,0,-5,0,8,0,0,0
1,632,62,-35,0,8,9,-46,0,0,0,0,0,0,0,0,0,-5,0,8,0,0,0
1,633,62,-35,0,8,9,-46,0,0,0,0,0,0,0,0,0,-5,0,8,0,0,0
1,634,62,-35,0,10,9,-44,0,0,0,0,0,0,0,0,0,-5,0,7,0,0,0
1,635,61,-35,0,10,9,-44,0,0,0,0,0,0,0,0,0,-5,0,7,0,0,0
1,636,61,-35,0,10,9,-44,0,0,0,0,0,0,0,0,0,-5,0,7,0,0,0
1,637,61,-35,0,10,9,-42,0,0,0,0,0,0,0,0,0,-5,0,7,0,0,0
1,638,61,-35,0,10,9,-42,0,0,0,0,0,0,0,0,0,-5,0,7,0,0,0
1,639,61,-35,0,10,9,-42,0,0,0,0,0,0,0,0,0,-5,0,7,0,0,0
1,640,61,-35,0,10,9,-42,0,0,0,0,0,0,0,0,0,-5,0,7,0,0,0
1,641,61,-35,0,10,9,-44,0,0,0,0,0,0,0,0,0,-5,0,7,0,0,0
1,642,61,-35,0,10,9,-44,0,0,0,0,0,0,0,0,0,-5,0,7,0,0,0
1,643,61,-35,0,10,9,-44,0,0,0,0,0,0,0,0,0,-5,0,7,0,0,0
1,644,61,-35,0,9,9,-43,0,0,0,0,0,0,0,0,0,-5,0,7,0,0,0
1,645,61,-35,0,9,9,-43,0,0,0,0,0,0,0,0,0,-5,0,7,0,0,0
1,646,61,-35,0,9,9,-43,0,0,0,0,0,0,0,0,0,-5,0,7,0,0,0
1,647,60,-35,0,10,9,-44,0,0,0,0,0,0,0,0,0,-5,0,7,0,0,0
1,648,60,-35,0,10,9,-44,0,0,0,0,0,0,0,0,0,-5,0,7,0,0,0
1,649,60,-35,0,10,9,-44,0,0,0,0,0,0,0,0,0,-5,0,7,0,0,0
1,650,60,-35,0,10,9,-44,0,0,0,0,0,0,0,0,0,-5,0,7,0,0,0
1,651,60,-35,0,9,8,-44,0,0,0,0,0,0,0,0,0,-5,0,7,0,0,0
1,652,60,-35,0,9,8,-44,0,0,0,0,0,0,0,0,0,-5,0,7,0,0,0
1,653,60,-35,0,9,8,-44,0,0,0,0,0,0,0,0,0,-5,0,7,0,0,0
1,654,60,-35,0,9,8,-44,0,0,0,0,0,0,0,0,0,-5,0,7,0,0,0
1,655,60,-35,0,9,8,-44,0,0,0,0,0,0,0,0,0,-5,0,7,0,0,0
1,656,60,-35,0,10,8,-45,0,0,0,0,0,0,0,0,0,-5,0,7,0,0,0
1,657,60,-35,0,10,8,-45,0,0,0,0,0,0,0,0,0,-5,0,7,0,0,0
1,658,60,-35,0,12,9,-42,0,0,0,0,0,0,0,0,0,-5,0,7,0,0,0
1,659,60,-35,0,12,9,-42,0,0,0,0,0,0,0,0,0,-5,0,7,0,0,0
1,660,60,-35,0,12,9,-42,0,0,0,0,0,0,0,0,0,-5,0,7,0,0,0
1,661,60,-35,0,12,9,-42,0,0,0,0,0,0,0,0,0,-5,0,7,0,0,0
1,662,60,-35,0,12,9,-42,0,0,0,0,0,0,0,0,0,-5,0,7,0,0,0
1,663,60,-35,0,11,9,-47,0,0,0,0,0,0,0,0,0,-5,0,7,0,0,0
1,664,60,-35,0,11,9,-47,0,0,0,0,0,0,0,0,0,-5,0,7,0,0,0
1,665,61,-35,0,11,9,-47,0,0,0,0,0,0,0,0,0,-5,0,7,0,0,0
1,666,61,-35,0,10,8,-46,0,0,0,0,0,0,0,0,0,-5,0,7,0,0,0
1,667,61,-35,0,10,8,-46,0,0,0,0,0,0,0,0,0,-5,0,7,0,0,0
1,668,61,-35,0,10,8,-46,0,0,0,0,0,0,0,0,0,-5,0,8,0,0,0
1,669,61,-35,0,10,8,-46,0,0,0,0,0,0,0,0,0,-5,0,8,0,0,0
1,670,61,-35,0,10,8,-46,0,0,0,0,0,0,0,0,0,-5,0,8,0,0,0
1,671,61,-35,0,12,9,-44,0,0,0,0,0,0,0,0,0,-5,0,8,0,0,0
1,672,61,-35,0,12,9,-44,0,0,0,0,0,0,0,0,0,-5,0,8,0,0,0
1,673,61,-35,0,12,9,-44,0,0,0,0,0,0,0,0,0,-5,0,8,0,0,0
1,674,61,-35,0,12,9,-44,0,0,0,0,0,0,0,0,0,-5,0,8,0,0,0
1,675,61,-35,0,12,9,-44,0,0,0,0,0,0,0,0,0,-5,0,8,0,0,0
1,676,61,-35,0,11,8,-44,0,0,0,0,0,0,0,0,0,-5,0,8,0,0,0
1,677,61,-35,0,11,8,-44,0,0,0,0,0,0,0,0,0,-5,0,8,0,0,0
1,678,61,-34,0,11,9,-44,0,0,0,0,0,0,0,0,0,-5,0,8,0,0,0
1,679,61,-34,0,11,9,-44,0,0,0,0,0,0,0,0,0,-5,0,8,0,0,0
1,680,61,-34,0,11,9,-44,0,0,0,0,0,0,0,0,0,-5,0,8,0,0,0
1,681,61,-34,0,11,9,-44,0,0,0,0,0,0,0,0,0,-5,0,8,0,0,0
1,682,61,-34,0,11,9,-43,0,0,0,0,0,0,0,0,0,-5,0,8,0,0,0
1,683,61,-34,0,11,9,-43,0,0,0,0,0,0,0,0,0,-5,0,8,0,0,0
1,684,61,-34,0,11,9,-43,0,0,0,0,0,0,0,0,0,-5,0,8,0,0,0
1,685,61,-34,0,11,9,-43,0,0,0,0,0,0,0,0,0,-5,0,8,0,0,0
1,686,61,-34,0,11,9,-43,0,0,0,0,0,0,0,0,0,-5,0,8,0,0,0
1,687,61,-34,-1,10,8,-46,0,0,0,0,0,0,0,0,0,-5,0,8,0,0,0
1,688,61,-34,-1,10,8,-46,0,0,0,0,0,0,0,0,0,-5,0,8,0,0,0
1,689,61,-34,-1,10,8,-46,0,0,0,0,0,0,0,0,0,-5,0,8,0,0,0
1,690,61,-34,-1,10,8,-45,0,0,0,0,0,0,0,0,0,-5,0,8,0,0,0
1,691,61,-34,-1,10,8,-45,0,0,0,0,0,0,0,0,0,-5,0,8,0,0,0
1,692,61,-34,-1,10,8,-45,0,0,0,0,0,0,0,0,0,-5,0,8,0,0,0
1,693,61,-33,-1,10,8,-45,0,0,0,0,0,0,0,0,0,-5,0,8,0,0,0
1,694,61,-33,-1,10,8,-46,0,0,0,0,0,0,0,0,0,-5,0,8,0,0,0
1,695,61,-33,-1,10,8,-46,0,0,0,0,0,0,0,0,0,-5,0,8,0,0,0
1,696,61,-33,-1,10,8,-46,0,0,0,0,0,0,0,0,0,-5,0,8,0,0,0
1,697,61,-33,-1,10,8,-44,0,0,0,0,0,0,0,0,0,-5,0,8,0,0,0
1,698,61,-33,-1,10,8,-44,0,0,0,0,0,0,0,0,0,-5,0,8,0,0,0
1,699,61,-33,-1,10,8,-44,0,0,0,0,0,0,0,0,0,-5,0,8,0,0,0
1,700,61,-33,-1,8,8,-46,0,0,0,0,0,0,0,0,0,-5,0,8,0,0,0
1,701,61,-33,-1,8,8,-46,0,0,0,0,0,0,0,0,0,-5,0,8,0,0,0
1,702,61,-33,-1,8,8,-46,0,0,0,0,0,0,0,0,0,-5,0,8,0,0,0
1,703,61,-33,-1,8,8,-46,0,0,0,0,0,0,0,0,0,-5,0,8,0,0,0
1,704,61,-33,-1,8,8,-46,0,0,0,0,0,0,0,0,0,-5,0,8,0,0,0
1,705,61,-33,-1,8,7,-46,0,0,0,0,0,0,0,0,0,-5,0,8,0,0,0
1,706,61,-33,0,8,7,-46,0,0,0,0,0,0,0,0,0,-5,0,8,0,0,0
1,707,61,-33,0,8,7,-46,0,0,0,0,0,0,0,0,0,-5,0,8,0,0,0
1,708,61,-33,0,8,8,-43,0,0,0,0,0,0,0,0,0,-5,0,8,0,0,0
1,709,61,-33,0,8,8,-43,0,0,0,0,0,0,0,0,0,-5,0,8,0,0,0
1,710,61,-33,0,8,8,-43,0,0,0,0,0,0,0,0,0,-5,0,8,0,0,0
1,711,61,-33,0,8,8,-43,0,0,0,0,0,0,0,0,0,-5,0,8,0,0,0
1,712,61,-33,0,8,9,-44,0,0,0,0,0,0,0,0,0,-5,0,8,0,0,0
1,713,61,-33,0,8,9,-44,0,0,0,0,0,0,0,0,0,-5,0,8,0,0,0
1,714,62,-33,0,8,9,-44,0,0,0,0,0,0,0,0,0,-5,0,8,0,0,0
1,715,62,-33,0,8,9,-44,0,0,0,0,0,0,0,0,0,-5,0,8,0,0,0
1,716,62,-33,0,7,9,-44,0,0,0,0,0,0,0,0,0,-5,0,8,0,0,0
1,717,62,-33,0,7,9,-44,0,0,0,0,0,0,0,0,0,-5,0,8,0,0,0
1,718,62,-33,0,7,9,-44,0,0,0,0,0,0,0,0,0,-5,0,8,0,0,0
1,719,62,-33,0,8,8,-44,0,0,0,0,0,0,0,0,0,-5,0,8,0,0,0
1,720,62,-33,0,8,8,-44,0,0,0,0,0,0,0,0,0,-5,0,8,0,0,0
1,721,62,-33,0,8,8,-44,0,0,0,0,0,0,0,0,0,-5,0,8,0,0,0
1,722,62,-33,0,8,8,-44,0,0,0,0,0,0,0,0,0,-5,0,8,0,0,0
1,723,62,-33,0,8,8,-44,0,0,0,0,0,0,0,0,0,-5,0,8,0,0,0
1,724,62,-33,0,9,9,-44,0,0,0,0,0,0,0,0,0,-5,0,8,0,0,0
1,725,62,-33,0,9,9,-44,0,0,0,0,0,0,0,0,0,-5,0,8,0,0,0
1,726,62,-33,0,9,9,-44,0,0,0,0,0,0,0,0,0,-5,0,8,0,0,0
1,727,62,-33,0,9,9,-44,0,0,0,0,0,0,0,0,0,-5,0,8,0,0,0
1,728,62,-33,0,9,9,-44,0,0,0,0,0,0,0,0,0,-5,0,8,0,0,0
1,729,62,-33,0,9,8,-45,0,0,0,0,0,0,0,0,0,-5,0,8,0,0,0
1,730,62,-33,0,9,8,-45,0,0,0,0,0,0,0,0,0,-5,0,8,0,0,0
1,731,62,-33,0,9,8,-45,0,0,0,0,0,0,0,0,0,-5,0,8,0,0,0
1,732,62,-33,0,9,9,-44,0,0,0,0,0,0,0,0,0,-5,0,8,0,0,0
1,733,62,-33,0,9,9,-44,0,0,0,0,0,0,0,0,0,-5,0,8,0,0,0
1,734,62,-33,0,9,9,-44,0,0,0,0,0,0,0,0,0,-5,0,8,0,0,0
1,735,62,-33,0,9,9,-44,0,0,0,0,0,0,0,0,0,-5,0,8,0,0,0
1,736,62,-33,0,9,9,-44,0,0,0,0,0,0,0,0,0,-5,0,8,0,0,0
1,737,62,-33,0,8,9,-43,0,0,0,0,0,0,0,0,0,-5,0,8,0,0,0
1,738,62,-33,0,8,9,-43,0,0,0,0,0,0,0,0,0,-5,0,8,0,0,0
1,739,62,-33,0,8,9,-43,0,0,0,0,0,0,0,0,0,-5,0,8,0,0,0
1,740,62,-33,0,8,9,-43,0,0,0,0,0,0,0,0,0,-5,0,8,0,0,0
1,741,62,-33,0,8,8,-46,0,0,0,0,0,0,0,0,0,-5,0,8,0,0,0
1,742,62,-33,0,8,8,-46,0,0,0,0,0,0,0,0,0,-5,0,8,0,0,0
1,743,62,-33,0,8,8,-46,0,0,0,0,0,0,0,0,0,-5,0,8,0,0,0
1,744,62,-33,0,8,8,-46,0,0,0,0,0,0,0,0,0,-5,0,8,0,0,0
1,745,62,-33,0,8,8,-46,0,0,0,0,0,0,0,0,0,-5,0,8,0,0,0
1,746,62,-33,0,9,8,-46,0,0,0,0,0,0,0,0,0,-5,0,8,0,0,0
1,747,62,-33,0,9,8,-46,0,0,0,0,0,0,0,0,0,-5,0,8,0,0,0
1,748,62,-33,0,9,8,-46,0,0,0,0,0,0,0,0,0,-5,0,8,0,0,0
1,749,62,-33,0,9,8,-46,0,0,0,0,0,0,0,0,0,-5,0,8,0,0,0
1,750,62,-33,0,8,8,-45,0,0,0,0,0,0,0,0,0,-5,0,8,0,0,0
1,751,62,-33,0,8,8,-45,0,0,0,0,0,0,0,0,0,-5,0,8,0,0,0
1,752,62,-33,0,8,8,-45,0,0,0,0,0,0,0,0,0,-5,0,8,0,0,0
1,753,62,-33,0,8,8,-45,0,0,0,0,0,0,0,0,0,-5,0,8,0,0,0
1,754,62,-33,0,8,8,-45,0,0,0,0,0,0,0,0,0,-5,0,8,0,0,0
1,755,62,-33,0,8,8,-45,0,0,0,0,0,0,0,0,0,-5,0,8,0,0,0
1,756,62,-33,0,8,8,-45,0,0,0,0,0,0,0,0,0,-5,0,8,0,0,0
1,757,62,-33,0,8,8,-45,0,0,0,0,0,0,0,0,0,-5,0,8,0,0,0
1,758,62,-33,0,8,8,-47,0,0,0,0,0,0,0,0,0,-5,0,8,0,0,0
1,759,62,-33,0,8,8,-47,0,0,0,0,0,0,0,0,0,-5,0,8,0,0,0
1,760,62,-33,0,8,8,-47,0,0,0,0,0,0,0,0,0,-5,0,8,0,0,0
1,761,62,-33,0,8,8,-47,0,0,0,0,0,0,0,0,0,-5,0,8,0,0,0
1,762,62,-33,0,8,8,-47,0,0,0,0,0,0,0,0,0,-5,0,8,0,0,0
1,763,62,-33,0,10,8,-46,0,0,0,0,0,0,0,0,0,-5,0,8,0,0,0
1,764,62,-33,0,10,8,-46,0,0,0,0,0,0,0,0,0,-5,0,8,0,0,0
1,765,62,-33,0,10,8,-46,0,0,0,0,0,0,0,0,0,-5,0,8,0,0,0
1,766,62,-33,0,10,8,-44,0,0,0,0,0,0,0,0,0,-5,0,8,0,0,0
1,767,62,-33,0,10,8,-44,0,0,0,0,0,0,0,0,0,-5,0,8,0,0,0
1,768,62,-33,0,10,8,-44,0,0,0,0,0,0,0,0,0,-5,0,8,0,0,0
1,769,62,-33,0,10,8,-44,0,0,0,0,0,0,0,0,0,-5,0,8,0,0,0
1,770,62,-33,0,10,8,-44,0,0,0,0,0,0,0,0,0,-5,0,8,0,0,0
1,771,62,-34,0,10,8,-44,0,0,0,0,0,0,0,0,0,-5,0,8,0,0,0
1,772,62,-34,-1,10,8,-44,0,0,0,0,0,0,0,0,0,-5,0,8,0,0,0
1,773,62,-34,-1,10,8,-44,0,0,0,0,0,0,0,0,0,-5,0,8,0,0,0
1,774,62,-34,-1,10,7,-43,0,0,0,0,0,0,0,0,0,-5,0,8,0,0,0
1,775,62,-34,-1,10,7,-43,0,0,0,0,0,0,0,0,0,-5,0,8,0,0,0
1,776,62,-34,-1,10,7,-43,0,0,0,0,0,0,0,0,0,-5,0,8,0,0,0
1,777,62,-34,-1,10,7,-43,0,0,0,0,0,0,0,0,0,-5,0,8,0,0,0
1,778,62,-34,-1,10,7,-43,0,0,0,0,0,0,0,0,0,-5,0,8,0,0,0
1,779,62,-34,-1,8,8,-44,0,0,0,0,0,0,0,0,0,-5,0,8,0,0,0
1,780,62,-34,-1,8,8,-44,0,0,0,0,0,0,0,0,0,-5,0,8,0,0,0
1,781,62,-34,-1,8,8,-44,0,0,0,0,0,0,0,0,0,-5,0,8,0,0,0
1,782,62,-34,-1,8,8,-44,0,0,0,0,0,0,0,0,0,-5,0,8,0,0,0
1,783,62,-33,-1,8,8,-44,0,0,0,0,0,0,0,0,0,-5,0,8,0,0,0
1,784,62,-33,-1,8,8,-44,0,0,0,0,0,0,0,0,0,-5,0,8,0,0,0
1,785,62,-33,-1,8,8,-44,0,0,0,0,0,0,0,0,0,-5,0,8,0,0,0
1,786,62,-33,-1,8,7,-44,0,0,0,0,0,0,0,0,0,-5,0,8,0,0,0
1,787,62,-33,-1,8,7,-44,0,0,0,0,0,0,0,0,0,-5,0,8,0,0,0
1,788,62,-33,-1,8,7,-44,0,0,0,0,0,0,0,0,0,-5,0,8,0,0,0
1,789,62,-33,-1,8,7,-44,0,0,0,0,0,0,0,0,0,-5,0,8,0,0,0
1,790,62,-33,-1,8,7,-44,0,0,0,0,0,0,0,0,0,-5,0,8,0,0,0
1,791,62,-33,-1,8,7,-47,0,0,0,0,0,0,0,0,0,-5,0,8,0,0,0
1,792,62,-33,-1,8,7,-47,0,0,0,0,0,0,0,0,0,-5,0,8,0,0,0
1,793,62,-33,-1,8,7,-47,0,0,0,0,0,0,0,0,0,-5,0,8,0,0,0
1,794,62,-33,-1,8,7,-47,0,0,0,0,0,0,0,0,0,-5,0,8,0,0,0
1,795,62,-33,-1,8,7,-47,0,0,0,0,0,0,0,0,0,-5,0,8,0,0,0
1,796,62,-33,-1,8,8,-46,0,0,0,0,0,0,0,0,0,-5,0,8,0,0,0
1,797,62,-33,-1,8,8,-46,0,0,0,0,0,0,0,0,0,-5,0,8,0,0,0
1,798,62,-33,-1,8,8,-46,0,0,0,0,0,0,0,0,0,-5,0,8,0,0,0
1,799,62,-33,-1,8,8,-46,0,0,0,0,0,0,0,0,0,-5,0,8,0,0,0
1,800,62,-33,-1,8,8,-46,0,0,0,0,0,0,0,0,0,-5,0,8,0,0,0
1,801,62,-33,-1,8,8,-46,0,0,0,0,0,0,0,0,0,-5,0,8,0,0,0
1,802,62,-33,-1,8,8,-46,0,0,0,0,0,0,0,0,0,-5,0,8,0,0,0
1,803,62,-33,-1,8,8,-46,0,0,0,0,0,0,0,0,0,-5,0,8,0,0,0
1,804,62,-33,-1,10,7,-46,0,0,0,0,0,0,0,0,0,-5,0,8,0,0,0
1,805,62,-33,-1,10,7,-46,0,0,0,0,0,0,0,0,0,-5,0,8,0,0,0
1,806,62,-33,-1,10,7,-46,0,0,0,0,0,0,0,0,0,-5,0,8,0,0,0
1,807,62,-33,-1,7,8,-45,0,0,0,0,0,0,0,0,0,-5,0,8,0,0,0
1,808,62,-33,-1,7,8,-45,0,0,0,0,0,0,0,0,0,-5,0,8,0,0,0
1,809,62,-33,-1,7,8,-45,0,0,0,0,0,0,0,0,0,-5,0,8,0,0,0
1,810,62,-33,-1,7,8,-45,0,0,0,0,0,0,0,0,0,-5,0,8,0,0,0
2,0,-3,-7,6,65,0,63,1,46,-17,0,0,0,0,0,0,0,0,0,-3,-6,6
2,1,-3,-7,6,65,0,63,1,46,-17,0,0,0,0,0,0,0,0,0,-3,-6,6
2,2,-3,-7,6,65,0,63,1,46,-17,0,0,0,0,0,0,0,0,0,-3,-6,6
2,3,-3,-7,6,65,0,63,-20,42,-10,0,0,0,0,0,0,0,0,0,-3,-6,6
2,4,0,-8,4,65,0,63,-20,42,-10,0,0,0,0,0,0,0,0,0,-3,-6,6
2,5,0,-8,4,65,0,63,-20,42,-10,0,0,0,0,0,0,0,0,0,0,-8,4
2,6,0,-8,4,65,0,63,-20,42,-10,0,0,0,0,0,0,0,0,0,0,-8,4
2,7,0,-8,4,65,0,63,-20,42,-10,0,0,0,0,0,0,0,0,0,0,-8,4
2,8,0,-8,4,65,0,63,-20,42,-10,0,0,0,0,0,0,0,0,0,0,-8,4
2,9,0,-8,4,65,0,63,-20,42,-10,0,0,0,0,0,0,0,0,0,0,-8,4
2,10,0,-8,4,65,0,63,-20,42,-10,0,0,0,0,0,0,0,0,0,0,-8,4
2,11,0,-8,4,65,0,63,-20,42,-10,0,0,0,0,0,0,0,0,0,0,-8,4
2,12,0,-8,4,65,0,63,-20,42,-10,0,0,0,0,0,0,0,0,0,0,-8,4
2,13,0,-8,4,65,0,63,-20,42,-10,0,0,0,0,0,0,0,0,0,0,-8,4
2,14,0,-8,4,65,0,63,-20,42,-10,0,0,0,0,0,0,0,0,0,0,-8,4
2,15,0,-8,4,65,0,63,-19,42,-10,0,0,0,0,0,0,0,0,0,0,-8,4
2,16,0,-8,4,65,0,63,-19,42,-10,0,0,0,0,0,0,0,0,0,0,-8,4
2,17,0,-8,4,65,0,63,-19,42,-10,0,0,0,0,0,0,0,0,0,0,-8,4
2,18,0,-8,4,65,0,63,-19,42,-10,0,0,0,0,0,0,0,0,0,0,-8,4
2,19,0,-8,4,65,0,63,-19,42,-10,0,0,0,0,0,0,0,0,0,0,-8,4
2,20,0,-8,4,65,0,63,-19,42,-10,0,0,0,0,0,0,0,0,0,0,-8,4
2,21,0,-8,4,65,0,63,-19,42,-10,0,0,0,0,0,0,0,0,0,0,-8,4
2,22,0,-8,4,65,0,63,-19,42,-10,0,0,0,0,0,0,0,0,0,0,-8,4
2,23,0,-8,4,65,0,63,-19,42,-10,0,0,0,0,0,0,0,0,0,0,-8,4
2,24,0,-8,4,65,0,63,-19,42,-10,0,0,0,0,0,0,0,0,0,0,-8,4
2,25,0,-8,4,65,0,63,-19,42,-10,0,0,0,0,0,0,0,0,0,0,-8,4
2,26,0,-8,4,65,0,63,-19,42,-10,0,0,0,0,0,0,0,0,0,0,-8,4
2,27,0,-8,4,65,0,63,-19,42,-10,0,0,0,0,0,0,0,0,0,0,-8,4
2,28,0,-8,4,65,0,63,-19,42,-10,0,0,0,0,0,0,0,0,0,0,-8,4
2,29,0,-8,4,65,0,63,-19,42,-10,0,0,0,0,0,0,0,0,0,0,-8,4
2,30,0,-8,4,65,0,63,-19,42,-10,0,0,0,0,0,0,0,0,0,0,-8,4
2,31,0,-8,4,65,0,63,-19,42,-10,0,0,0,0,0,0,0,0,0,0,-8,4
2,32,0,-8,4,65,0,63,-19,42,-10,0,0,0,0,0,0,0,0,0,0,-8,4
2,33,0,-8,4,65,0,63,-19,43,-12,0,0,0,0,0,0,0,0,0,0,-8,4
2,34,0,-8,4,65,0,63,-19,43,-12,0,0,0,0,0,0,0,0,0,0,-8,4
2,35,0,-8,4,65,0,63,-19,43,-12,0,0,0,0,0,0,0,0,0,0,-8,4
2,36,0,-8,4,65,0,63,-19,43,-12,0,0,0,0,0,0,0,0,0,0,-8,4
2,37,0,-8,4,65,0,63,-19,43,-12,0,0,0,0,0,0,0,0,0,0,-8,4
2,38,0,-8,4,65,0,63,-19,43,-12,0,0,0,0,0,0,0,0,0,0,-8,4
2,39,0,-8,4,65,0,63,-19,43,-12,0,0,0,0,0,0,0,0,0,0,-8,4
2,40,0,-8,4,65,0,63,-19,43,-12,0,0,0,0,0,0,0,0,0,0,-8,4
2,41,0,-8,4,65,0,63,-19,43,-12,0,0,0,0,0,0,0,0,0,0,-8,4
2,42,0,-8,4,65,0,63,-19,43,-12,0,0,0,0,0,0,0,0,0,0,-8,4
2,43,0,-8,4,65,0,63,-19,43,-12,0,0,0,0,0,0,0,0,0,0,-8,4
2,44,0,-8,4,65,0,63,-19,43,-12,0,0,0,0,0,0,0,0,0,0,-8,4
2,45,0,-8,4,65,0,63,-19,43,-12,0,0,0,0,0,0,0,0,0,0,-8,4
2,46,0,-8,4,65,0,63,-19,43,-12,0,0,0,0,0,0,0,0,0,0,-8,4
2,47,0,-8,4,65,0,63,-19,41,-12,0,0,0,0,0,0,0,0,0,0,-8,4
2,48,0,-8,4,65,0,63,-19,41,-12,0,0,0,0,0,0,0,0,0,0,-8,4
2,49,0,-8,4,65,0,63,-19,41,-12,0,0,0,0,0,0,0,0,0,0,-8,4
2,50,0,-8,4,65,0,63,-19,41,-12,0,0,0,0,0,0,0,0,0,0,-8,4
2,51,0,-8,4,65,0,63,-19,41,-12,0,0,0,0,0,0,0,0,0,0,-8,4
2,52,0,-8,4,65,0,63,-20,42,-11,0,0,0,0,0,0,0,0,0,0,-8,4
2,53,0,-8,4,65,0,63,-20,42,-11,0,0,0,0,0,0,0,0,0,0,-8,4
2,54,0,-8,4,65,0,63,-20,42,-11,0,0,0,0,0,0,0,0,0,0,-8,4
2,55,0,-8,4,65,0,62,-20,42,-13,0,0,0,0,0,0,0,0,0,0,-8,4
2,56,0,-8,4,65,0,62,-20,42,-13,0,0,0,0,0,0,0,0,0,0,-8,4
2,57,0,-8,4,65,0,62,-20,42,-13,0,0,0,0,0,0,0,0,0,0,-8,4
2,58,0,-7,4,65,0,63,-18,43,-13,0,0,0,0,0,0,0,0,0,0,-8,4
2,59,0,-7,3,65,0,63,-18,43,-13,0,0,0,0,0,0,0,1,0,0,-8,4
2,60,0,-7,3,65,0,63,-18,43,-13,0,0,0,0,0,0,0,1,0,0,-8,4
2,61,0,-7,3,65,0,63,-20,42,-13,0,0,0,0,0,0,0,1,0,0,-8,4
2,62,0,-6,2,65,0,64,-20,42,-13,0,0,0,0,0,0,0,2,-1,0,-8,4
2,63,0,-6,2,65,0,64,-20,42,-13,0,0,0,0,0,0,0,2,-1,0,-8,4
2,64,0,-6,2,64,0,64,-21,43,-14,0,0,0,0,0,0,0,2,-1,0,-8,4
2,65,-1,-5,2,64,0,65,-21,43,-14,0,0,0,0,0,0,-1,2,-1,0,-8,4
2,66,-1,-5,2,64,0,65,-21,43,-14,0,0,0,0,0,0,-1,3,-2,0,-8,4
2,67,-1,-5,2,64,0,65,-21,43,-14,0,0,0,0,0,0,-1,3,-2,0,-8,4
2,68,-1,-5,1,63,0,66,-19,42,-13,0,0,0,0,0,0,-1,3,-2,0,-8,3
2,69,-1,-5,1,63,0,66,-19,42,-13,0,0,0,0,0,0,-1,3,-2,0,-8,3
2,70,-2,-5,1,63,-1,67,-19,42,-13,0,0,0,0,0,0,-2,3,-2,0,-9,3
2,71,-2,-5,0,62,-2,68,-20,43,-10,0,0,0,0,0,0,-2,3,-2,0,-9,3
2,72,-2,-5,0,62,-2,68,-20,43,-10,-1,0,0,0,0,0,-2,3,-2,0,-9,3
2,73,-3,-6,0,62,-3,71,-20,43,-10,-1,0,0,0,0,0,-3,2,-2,0,-9,3
2,74,-3,-6,0,62,-3,71,-20,43,-10,-1,0,0,0,0,0,-3,2,-2,0,-9,3
2,75,-4,-7,0,60,-6,73,-19,44,-8,-1,0,1,0,0,0,-3,2,-2,-1,-9,2
2,76,-4,-7,0,59,-8,75,-19,44,-8,-1,0,1,0,0,0,-3,1,-2,-1,-9,2
2,77,-4,-7,0,59,-8,75,-19,44,-8,0,0,1,0,0,0,-3,1,-2,-1,-9,2
2,78,-4,-7,0,57,-10,75,-15,45,-7,0,0,1,0,0,0,-3,1,-2,-1,-9,2
2,79,-4,-7,0,57,-10,75,-15,45,-7,0,0,1,0,0,0,-3,1,-2,-1,-9,2
2,80,-5,-7,0,56,-12,76,-15,45,-7,0,0,1,0,0,0,-3,1,-2,-1,-9,2
2,81,-5,-7,0,55,-15,76,-12,45,-5,0,0,1,0,0,0,-3,1,-2,-2,-9,2
2,82,-5,-8,0,53,-17,77,-12,45,-5,0,1,2,0,0,0,-3,1,-2,-2,-9,2
2,83,-6,-8,0,53,-19,77,-12,45,-5,0,1,2,0,0,0,-3,0,-2,-3,-9,2
2,84,-6,-8,0,53,-19,77,-12,45,-5,0,1,2,0,0,0,-3,0,-2,-3,-9,2
2,85,-6,-8,0,51,-22,78,-8,47,-4,0,1,2,0,0,0,-3,0,-2,-3,-8,1
2,86,-6,-8,0,51,-22,78,-8,47,-4,0,1,2,0,0,0,-3,0,-2,-3,-8,1
2,87,-7,-9,0,50,-25,79,-8,47,-4,0,1,2,0,0,0,-3,0,-2,-3,-8,1
2,88,-7,-9,-1,48,-28,80,-1,47,-4,0,1,2,0,0,0,-3,0,-2,-4,-8,1
2,89,-8,-10,-1,48,-31,80,-1,47,-4,0,1,2,0,0,0,-3,-1,-2,-4,-8,1
2,90,-8,-10,-1,48,-31,80,-1,47,-4,0,2,2,0,0,0,-3,-1,-2,-4,-8,1
2,91,-8,-9,-1,47,-34,81,-1,47,-4,0,2,2,0,0,0,-3,-1,-2,-5,-8,1
2,92,-8,-9,-1,47,-35,81,2,47,0,0,2,2,0,0,0,-3,-1,-2,-5,-8,1
2,93,-8,-9,-1,47,-35,81,2,47,0,0,2,2,0,0,0,-3,-1,-2,-5,-8,1
2,94,-9,-9,-1,48,-38,82,2,47,0,0,2,2,0,0,0,-3,-1,-2,-5,-7,1
2,95,-9,-9,-1,49,-40,83,2,47,0,1,2,1,0,0,0,-3,-2,-2,-6,-7,0
2,96,-9,-9,-1,49,-40,83,2,47,0,1,2,1,0,0,0,-3,-2,-2,-6,-7,0
2,97,-9,-9,-1,49,-40,83,2,47,0,1,3,1,0,0,0,-3,-2,-2,-6,-7,0
2,98,-10,-9,-2,50,-42,85,8,46,-2,1,3,1,0,0,0,-3,-2,-2,-6,-7,0
2,99,-10,-9,-2,52,-44,88,8,46,-2,1,3,1,0,0,0,-3,-2,-2,-6,-7,0
2,100,-10,-9,-2,55,-46,91,8,46,-2,1,3,1,0,0,0,-3,-2,-2,-6,-6,0
2,101,-10,-10,-2,58,-47,94,14,44,-5,1,3,1,0,0,0,-3,-3,-2,-7,-6,0
2,102,-10,-10,-2,58,-47,94,14,44,-5,1,4,1,0,0,0,-3,-3,-2,-7,-6,0
2,103,-11,-10,-2,62,-47,98,14,44,-5,1,4,1,0,0,0,-3,-3,-1,-7,-6,0
2,104,-11,-10,-2,64,-48,99,17,44,-3,1,4,0,0,0,0,-4,-4,-2,-7,-6,0
2,105,-11,-10,-2,64,-48,99,17,44,-3,1,4,0,0,0,0,-4,-4,-2,-7,-6,0
2,106,-11,-11,-3,69,-47,103,17,44,-3,1,4,0,0,0,0,-4,-5,-1,-7,-6,-1
2,107,-11,-12,-3,74,-46,107,17,44,-3,1,4,0,0,0,0,-4,-5,-1,-7,-6,-1
2,108,-11,-12,-3,81,-45,110,20,43,-4,2,4,0,0,0,0,-4,-6,-1,-7,-6,-2
2,109,-11,-12,-3,81,-45,110,20,43,-4,2,5,0,0,0,0,-4,-6,-1,-7,-6,-2
2,110,-12,-13,-4,90,-42,113,20,43,-4,2,5,0,0,0,0,-5,-6,-1,-6,-6,-2
2,111,-12,-14,-4,100,-39,114,20,43,-4,2,5,0,0,0,0,-5,-7,-1,-6,-6,-2
2,112,-12,-14,-4,111,-35,115,21,42,-1,2,5,0,0,0,0,-6,-8,-1,-6,-7,-3
2,113,-12,-14,-4,111,-35,115,21,42,-1,3,5,-1,0,0,0,-6,-8,-1,-6,-7,-3
2,114,-12,-13,-5,123,-31,114,21,42,-1,3,5,-1,0,0,0,-7,-7,-1,-5,-7,-3
2,115,-12,-13,-5,123,-31,114,21,42,-1,3,5,-1,0,0,0,-7,-7,-1,-5,-7,-3
2,116,-12,-13,-5,-120,-26,114,22,42,-4,3,5,-1,0,0,0,-7,-6,-1,-5,-7,-3
2,117,-12,-13,-5,-120,-26,114,22,42,-4,2,5,-2,0,0,0,-7,-6,-1,-5,-7,-3
2,118,-12,-13,-5,-107,-21,113,22,42,-4,2,5,-2,0,0,0,-7,-5,-1,-4,-8,-3
2,119,-12,-13,-5,-107,-21,113,22,42,-4,2,5,-2,0,0,0,-7,-5,-1,-4,-8,-3
2,120,-12,-14,-5,-95,-15,112,22,42,-4,2,5,-2,0,0,0,-8,-6,-1,-3,-8,-3
2,121,-11,-15,-5,-82,-9,110,19,42,-6,2,5,-3,0,0,0,-9,-6,-2,-2,-8,-3
2,122,-11,-15,-5,-70,-3,108,19,42,-6,2,4,-3,0,0,0,-9,-6,-2,-1,-9,-3
2,123,-11,-15,-5,-58,2,105,12,44,-7,2,4,-4,0,0,0,-10,-6,-2,0,-9,-2
2,124,-10,-16,-5,-48,8,102,12,44,-7,2,4,-4,0,0,0,-10,-6,-3,0,-9,-2
2,125,-10,-16,-5,-48,8,102,12,44,-7,2,3,-4,0,0,0,-10,-6,-3,0,-9,-2
2,126,-9,-17,-5,-39,14,99,12,44,-7,2,3,-4,0,0,0,-11,-8,-3,1,-9,-2
2,127,-9,-17,-6,-34,17,96,4,47,-8,3,3,-4,0,0,0,-11,-7,-4,2,-9,-1
2,128,-8,-14,-6,-26,23,91,4,47,-8,3,3,-5,0,0,0,-11,-5,-5,3,-9,0
2,129,-6,-13,-5,-19,28,86,-3,45,-14,3,3,-5,0,0,0,-11,-4,-5,4,-8,0
2,130,-4,-13,-4,-12,34,81,-3,45,-14,2,3,-5,0,0,0,-9,-5,-5,5,-8,0
2,131,-4,-13,-4,-12,34,81,-3,45,-14,1,3,-5,0,0,0,-9,-5,-5,5,-8,0
2,132,-3,-14,-4,-5,39,76,-3,45,-14,1,3,-5,0,0,0,-8,-6,-5,5,-7,1
2,133,-1,-13,-4,2,43,69,-11,41,-21,1,3,-5,0,0,0,-8,-6,-6,6,-7,2
2,134,-1,-13,-4,2,43,69,-11,41,-21,2,3,-4,0,0,0,-8,-6,-6,6,-7,2
2,135,0,-11,-3,7,46,61,-11,41,-21,2,3,-4,0,0,0,-7,-5,-6,6,-6,2
2,136,0,-10,-3,13,48,52,-11,41,-21,2,3,-4,0,0,0,-7,-4,-6,7,-5,3
2,137,0,-8,-3,13,48,52,-19,34,-27,1,3,-4,0,0,0,-7,-3,-7,7,-5,3
2,138,0,-8,-3,18,49,43,-19,34,-27,1,3,-4,0,0,0,-7,-3,-7,7,-5,3
2,139,0,-7,-3,23,49,34,-19,34,-27,1,3,-4,0,0,0,-7,-3,-8,7,-4,4
2,140,0,-7,-3,23,49,34,-19,34,-27,1,3,-4,0,0,0,-7,-3,-8,7,-4,4
2,141,0,-7,-3,28,47,26,-19,27,-32,1,3,-4,0,0,0,-8,-3,-8,7,-3,5
2,142,-1,-6,-3,32,45,19,-19,27,-32,1,3,-3,0,0,0,-8,-3,-9,7,-2,6
2,143,-1,-5,-3,37,42,13,-19,27,-32,1,3,-3,0,0,0,-8,-3,-9,6,-2,6
2,144,-1,-5,-3,37,42,13,-19,27,-32,1,4,-3,0,0,0,-8,-3,-9,6,-2,6
2,145,-3,-4,-3,41,38,7,-18,21,-38,1,4,-3,0,0,0,-10,-3,-10,6,-1,7
2,146,-4,-4,-3,45,33,2,-18,21,-38,1,4,-3,0,0,0,-10,-3,-11,6,-1,7
2,147,-5,-2,-3,47,30,0,-14,17,-44,1,4,-4,0,0,0,-11,-2,-11,5,0,8
2,148,-5,-2,-3,47,30,0,-14,17,-44,1,5,-4,0,0,0,-11,-2,-11,5,0,8
2,149,-6,-2,-2,52,24,-2,-14,17,-44,1,5,-4,0,0,0,-11,-2,-11,4,0,8
2,150,-7,-1,-2,56,18,-5,-14,17,-44,0,5,-4,0,0,0,-11,-2,-11,3,0,9
2,151,-7,-1,-2,60,11,-6,-6,11,-44,0,5,-4,0,0,0,-10,-1,-11,2,1,9
2,152,-7,-1,-2,60,11,-6,-6,11,-44,0,5,-4,0,0,0,-10,-1,-11,2,1,9
2,153,-9,0,0,66,1,-7,-6,11,-44,0,5,-3,0,0,0,-10,0,-10,0,1,9
2,154,-10,1,0,69,-5,-7,3,8,-48,0,5,-3,0,0,0,-9,0,-10,0,1,9
2,155,-10,1,0,69,-5,-7,3,8,-48,0,5,-3,0,0,0,-9,0,-10,0,1,9
2,156,-10,2,0,73,-12,-6,3,8,-48,0,5,-3,0,0,0,-9,1,-9,-1,1,9
2,157,-12,4,2,78,-25,-1,14,10,-42,0,5,-2,0,0,0,-9,3,-7,-3,0,9
2,158,-12,4,2,78,-25,-1,14,10,-42,-1,5,-2,0,0,0,-9,3,-7,-3,0,9
2,159,-14,5,2,80,-31,1,14,10,-42,-1,5,-2,0,0,0,-9,5,-5,-4,0,8
2,160,-15,7,3,80,-34,2,25,15,-36,-1,5,-1,0,0,0,-10,7,-4,-5,0,8
2,161,-15,7,3,80,-34,2,25,15,-36,-2,5,-1,0,0,0,-10,7,-4,-5,0,8
2,162,-17,9,4,80,-43,8,25,15,-36,-2,5,-1,0,0,0,-11,9,-3,-5,0,7
2,163,-19,9,4,79,-45,10,25,15,-36,-2,5,0,0,0,0,-12,10,-2,-6,-1,7
2,164,-20,5,5,77,-50,14,31,21,-29,-3,4,0,0,0,0,-12,6,0,-7,-1,6
2,165,-20,2,6,73,-55,18,31,21,-29,-4,4,1,0,0,0,-12,5,0,-7,-1,5
2,166,-20,2,6,73,-55,18,31,21,-29,-4,3,2,0,0,0,-12,5,0,-7,-1,5
2,167,-21,1,6,67,-59,19,31,21,-29,-4,3,2,0,0,0,-13,3,0,-8,-1,4
2,168,-25,-1,6,61,-62,18,36,23,-16,-4,2,3,0,0,0,-15,0,1,-8,-1,4
2,169,-25,-1,6,61,-62,18,36,23,-16,-4,1,3,0,0,0,-15,0,1,-8,-1,4
2,170,-27,-3,7,53,-65,14,36,23,-16,-4,1,3,0,0,0,-18,-1,2,-8,-1,4
2,171,-28,-4,7,46,-65,7,43,21,-8,-3,0,4,0,0,0,-19,-3,3,-8,-1,4
2,172,-28,-6,7,38,-64,0,43,21,-8,-3,0,4,0,0,0,-19,-5,3,-8,0,3
2,173,-29,-5,7,34,-63,-3,43,21,-8,-3,-1,4,0,0,0,-20,-5,2,-8,0,4
2,174,-29,-5,7,34,-63,-3,43,21,-8,-3,-1,4,0,0,0,-20,-5,2,-8,0,4
2,175,-30,-5,6,27,-60,-8,45,14,-1,-3,-1,4,0,0,0,-21,-5,1,-8,0,4
2,176,-30,-5,6,27,-60,-8,45,14,-1,-3,-3,4,0,0,0,-21,-5,1,-8,0,4
2,177,-31,-5,5,21,-55,-10,45,14,-1,-3,-3,4,0,0,0,-22,-6,0,-8,0,5
2,178,-32,-6,5,15,-49,-9,47,3,-5,-3,-4,3,0,0,0,-23,-7,0,-7,1,5
2,179,-32,-6,5,15,-49,-9,47,3,-5,-4,-5,3,0,0,0,-23,-7,0,-7,1,5
2,180,-33,-7,6,10,-42,-7,47,3,-5,-4,-5,3,0,0,0,-25,-8,0,-7,1,6
2,181,-33,-7,6,10,-42,-7,47,3,-5,-4,-6,2,0,0,0,-25,-8,0,-7,1,6
2,182,-35,-8,6,6,-34,-4,47,3,-5,-4,-6,2,0,0,0,-29,-9,-1,-6,0,7
2,183,-38,-9,7,2,-25,-1,47,-3,-15,-3,-6,2,0,0,0,-31,-9,-1,-4,0,8
2,184,-38,-9,7,2,-25,-1,47,-3,-15,-3,-7,1,0,0,0,-31,-9,-1,-4,0,8
2,185,-39,-13,9,0,-16,1,47,-3,-15,-3,-7,1,0,0,0,-35,-11,0,-3,0,9
2,186,-39,-18,5,-2,-4,3,38,-4,-27,-3,-8,1,0,0,0,-36,-15,-1,-1,0,9
2,187,-39,-31,-8,-5,9,4,38,-4,-27,-1,-10,1,0,0,0,-38,-24,-13,0,0,9
2,188,-39,-31,-8,-5,9,4,38,-4,-27,0,-14,1,0,0,0,-38,-24,-13,0,0,9
2,189,-39,-34,-17,-9,28,3,38,-4,-27,0,-14,1,0,0,0,-40,-32,-22,3,0,9
2,190,-39,-22,-27,-15,51,4,20,-3,-43,2,-18,3,0,0,0,-43,-27,-33,6,0,7
2,191,-13,-8,-23,-23,77,21,20,-3,-43,3,-22,4,0,0,0,-46,-14,-35,8,0,4
2,192,-1,2,-9,-26,81,45,20,-3,-43,3,-24,3,0,0,0,-11,3,-11,9,0,1
2,193,-39,6,-21,-18,67,-87,-21,-7,-38,1,-10,2,0,0,0,-49,8,-21,9,-1,0
2,194,-39,-18,-29,-3,44,80,-21,-7,-38,-9,-20,-2,0,0,0,-48,-18,-25,9,0,-3
2,195,-39,-23,-29,-13,34,81,-46,-5,-10,-3,-20,-4,0,0,0,-46,-23,-23,6,0,-6
2,196,-39,-23,-29,-13,34,81,-46,-5,-10,4,-18,-3,0,0,0,-46,-23,-23,6,0,-6
2,197,-39,-5,-37,-17,14,77,-46,-5,-10,4,-18,-3,0,0,0,-43,-5,-28,3,0,-8
2,198,-39,7,-38,-19,-3,-80,-46,-5,-10,5,-17,-2,0,0,0,-40,7,-28,0,0,-9
2,199,-39,7,-38,-19,-3,-80,-46,-5,-10,3,-15,-1,0,0,0,-40,7,-28,0,0,-9
2,200,-39,10,-37,-21,-19,-80,-38,-12,27,3,-15,-1,0,0,0,-38,10,-28,-1,0,-9
2,201,-39,6,-33,-24,-33,78,-38,-12,27,-2,-14,0,0,0,0,-36,9,-27,-4,0,-8
2,202,-39,6,-33,-24,-33,78,-38,-12,27,-5,-12,-1,0,0,0,-36,9,-27,-4,0,-8
2,203,-39,4,-31,-40,-45,82,-38,-12,27,-5,-12,-1,0,0,0,-33,4,-23,-5,0,-8
2,204,-39,1,-22,-45,-54,85,-4,-7,42,-5,-10,-2,0,0,0,-32,1,-19,-7,0,-6
2,205,-39,1,-22,-45,-54,85,-4,-7,42,-3,-8,-2,0,0,0,-32,1,-19,-7,0,-6
2,206,-39,3,-20,-46,-62,86,-4,-7,42,-3,-8,-2,0,0,0,-31,1,-15,-8,0,-4
2,207,-38,4,-19,-45,-69,83,23,-17,32,-2,-6,-2,0,0,0,-30,3,-15,-8,0,-4
2,208,-33,3,-16,-44,-71,81,23,-17,32,-1,-5,-2,0,0,0,-24,3,-13,-9,0,-3
2,209,-31,4,-15,-44,-76,-79,23,-17,32,-1,-4,-2,0,0,0,-21,4,-12,-9,0,-2
2,210,-31,4,-15,-44,-76,-79,23,-17,32,-1,-3,-2,0,0,0,-21,4,-12,-9,0,-2
2,211,-27,6,-13,-45,-79,-92,37,-19,21,-1,-3,-2,0,0,0,-19,6,-12,-9,0,-1
2,212,-23,5,-11,-46,-81,-112,37,-19,21,-2,-3,-2,0,0,0,-13,6,-10,-9,0,-1
2,213,-22,5,-11,-47,-80,124,37,-19,21,-2,-2,-2,0,0,0,-13,6,-9,-9,0,-1
2,214,-21,4,-9,-49,-78,113,44,-15,13,-3,-1,-2,0,0,0,-12,5,-9,-9,-1,0
2,215,-19,4,-7,-50,-76,108,44,-15,13,-3,-1,-2,0,0,0,-9,5,-7,-9,-1,0
2,216,-19,4,-7,-50,-76,108,44,-15,13,-3,0,-2,0,0,0,-9,5,-7,-9,-1,0
2,217,-18,4,-6,-52,-73,108,46,-11,8,-3,0,-2,0,0,0,-8,7,-5,-9,-2,0
2,218,-15,4,-4,-54,-71,111,46,-11,8,-3,0,-2,0,0,0,-5,7,-3,-9,-2,0
2,219,-13,3,-4,-55,-70,113,46,-11,8,-4,0,-2,0,0,0,-4,6,-2,-9,-2,-1
2,220,-12,2,-3,-58,-67,117,47,-6,7,-4,0,-2,0,0,0,-3,5,-1,-9,-3,-1
2,221,-13,2,-2,-61,-65,121,47,-6,7,-4,0,-1,0,0,0,-4,5,-1,-9,-3,-1
2,222,-13,2,-2,-61,-65,121,47,-6,7,-3,0,-1,0,0,0,-4,5,-1,-9,-3,-1
2,223,-12,1,-1,-63,-63,124,47,-6,7,-3,0,-1,0,0,0,-3,4,0,-8,-3,-2
2,224,-11,0,-1,-65,-61,-128,47,-1,6,-3,0,-1,0,0,0,-3,3,1,-8,-3,-2
2,225,-11,0,-1,-65,-61,-128,47,-1,6,-2,0,-1,0,0,0,-3,3,1,-8,-3,-2
2,226,-11,-1,-1,-66,-60,-126,47,-1,6,-2,0,-1,0,0,0,-2,2,1,-8,-3,-2
2,227,-11,-1,-1,-67,-58,-125,48,1,5,-2,0,-1,0,0,0,-2,2,1,-8,-3,-3
2,228,-10,-1,-1,-67,-58,-124,48,1,5,-1,0,-1,0,0,0,-1,2,2,-8,-3,-3
2,229,-10,-1,-1,-67,-58,-124,48,1,5,0,0,0,0,0,0,-1,2,2,-8,-3,-3
2,230,-9,-1,-1,-66,-56,-124,48,1,5,0,0,0,0,0,0,-1,2,1,-8,-3,-3
2,231,-9,-1,-1,-66,-56,-124,48,1,5,0,0,0,0,0,0,-1,2,1,-8,-3,-3
2,232,-9,-1,-1,-65,-55,-124,46,2,7,0,0,0,0,0,0,-1,2,1,-8,-3,-3
2,233,-9,-1,-2,-64,-54,-124,46,2,7,0,0,0,0,0,0,-1,2,1,-8,-4,-3
2,234,-9,-2,-2,-63,-53,-124,46,2,7,0,0,0,0,0,0,-1,1,1,-7,-4,-3
2,235,-9,-2,-2,-63,-53,-124,46,2,7,0,0,0,0,0,0,-1,1,1,-7,-4,-3
2,236,-9,-3,-2,-61,-52,-124,45,4,8,0,0,0,0,0,0,-1,1,1,-7,-4,-3
2,237,-8,-3,-2,-60,-52,-124,45,4,8,0,0,0,0,0,0,-1,0,1,-7,-4,-4
2,238,-8,-3,-2,-60,-51,-124,46,6,13,0,0,0,0,0,0,0,0,1,-7,-4,-4
2,239,-8,-3,-2,-60,-51,-124,46,6,13,0,0,0,0,0,0,0,0,1,-7,-4,-4
2,240,-8,-3,-2,-59,-51,-124,46,6,13,0,0,0,0,0,0,0,0,1,-7,-4,-4
2,241,-7,-4,-2,-57,-50,-124,46,6,13,0,0,0,0,0,0,0,0,1,-7,-4,-4
2,242,-7,-4,-3,-56,-50,-124,46,6,12,0,0,0,0,0,0,0,0,1,-7,-4,-4
2,243,-7,-4,-3,-56,-50,-124,46,6,12,0,0,0,0,0,0,0,0,1,-7,-4,-4
2,244,-7,-4,-3,-55,-50,-124,46,6,12,0,0,0,0,0,0,0,0,1,-7,-4,-4
2,245,-8,-4,-3,-54,-50,-124,46,6,12,0,0,0,0,0,0,0,0,1,-7,-4,-4
2,246,-7,-4,-3,-52,-50,-124,45,7,13,0,0,0,0,0,0,0,0,0,-7,-4,-4
2,247,-7,-4,-3,-52,-50,-124,45,7,13,0,0,0,0,0,0,0,0,0,-7,-4,-4
2,248,-7,-4,-3,-51,-50,-124,45,7,13,0,0,0,0,0,0,0,0,0,-7,-4,-4
2,249,-7,-4,-3,-50,-49,-124,46,8,16,0,0,0,0,0,0,0,0,0,-7,-4,-4
2,250,-7,-2,-4,-49,-49,-124,46,8,16,0,0,0,0,0,0,0,2,0,-7,-4,-4
2,251,-7,-2,-4,-49,-49,-124,46,8,16,0,0,0,0,0,0,0,2,0,-7,-4,-4
2,252,-6,-3,-3,-50,-49,-123,46,8,16,0,0,0,0,0,0,0,1,0,-7,-4,-4
2,253,-6,-4,-3,-51,-49,-122,44,8,15,0,0,0,0,0,0,0,0,0,-7,-4,-4
2,254,-6,-4,-3,-51,-49,-122,44,8,15,0,0,0,0,0,0,0,0,0,-7,-4,-4
2,255,-6,-5,-3,-52,-49,-121,44,8,15,0,0,0,0,0,0,0,0,0,-7,-4,-4
2,256,-6,-5,-3,-52,-49,-120,44,8,15,0,0,0,0,0,0,0,-1,0,-7,-4,-4
2,257,-6,-5,-3,-52,-50,-120,44,7,15,0,0,0,0,0,0,0,-1,0,-7,-4,-4
2,258,-6,-5,-3,-52,-50,-120,44,7,15,0,0,0,0,0,0,0,-1,0,-7,-4,-4
2,259,-6,-5,-3,-51,-50,-120,44,7,15,0,0,0,0,0,0,0,-1,0,-7,-4,-4
2,260,-7,-5,-4,-50,-50,-120,44,7,15,0,0,0,0,0,0,0,0,0,-7,-4,-4
2,261,-7,-4,-4,-50,-50,-120,42,5,18,0,0,0,0,0,0,0,0,0,-7,-4,-4
2,262,-7,-4,-4,-49,-50,-120,42,5,18,0,0,0,0,0,0,0,0,0,-7,-4,-4
2,263,-7,-4,-3,-49,-50,-120,42,5,18,0,0,0,0,0,0,0,0,0,-7,-4,-4
2,264,-7,-4,-3,-48,-50,-120,44,5,18,0,0,0,0,0,0,0,0,0,-7,-4,-4
2,265,-7,-4,-3,-48,-50,-120,44,5,18,0,0,0,0,0,0,0,0,0,-7,-4,-4
2,266,-7,-4,-3,-48,-51,-120,44,5,18,0,0,0,0,0,0,0,0,0,-7,-4,-4
2,267,-8,-4,-3,-48,-51,-120,44,5,18,0,0,0,0,0,0,0,0,0,-7,-4,-4
2,268,-8,-4,-3,-48,-51,-120,44,5,18,0,0,0,0,0,0,0,0,0,-7,-4,-4
2,269,-7,-4,-4,-48,-51,-120,44,4,17,0,0,0,0,0,0,0,0,0,-7,-4,-4
2,270,-7,-4,-3,-47,-51,-120,44,4,17,0,0,0,0,0,0,0,0,0,-7,-4,-4
2,271,-7,-4,-3,-47,-51,-120,44,4,17,0,0,0,0,0,0,0,0,0,-7,-4,-4
2,272,-7,-4,-3,-47,-51,-120,44,4,17,0,0,0,0,0,0,0,0,0,-7,-4,-4
2,273,-7,-4,-3,-47,-51,-120,43,3,16,0,0,0,0,0,0,0,0,0,-7,-4,-4
2,274,-7,-4,-3,-46,-52,-120,43,3,16,0,0,0,0,0,0,0,0,0,-7,-4,-4
2,275,-7,-4,-3,-46,-52,-120,43,3,16,0,0,0,0,0,0,0,0,0,-7,-4,-4
2,276,-7,-4,-3,-46,-52,-120,43,2,17,0,0,0,0,0,0,0,0,0,-7,-4,-4
2,277,-7,-4,-3,-46,-52,-121,43,2,17,0,0,0,0,0,0,0,0,0,-7,-4,-4
2,278,-7,-4,-3,-46,-52,-121,43,2,17,0,0,0,0,0,0,0,0,0,-7,-4,-4
2,279,-7,-4,-3,-45,-52,-121,43,2,17,0,0,0,0,0,0,0,0,0,-7,-4,-4
2,280,-7,-4,-3,-45,-52,-121,44,3,19,0,0,0,0,0,0,0,0,0,-7,-4,-4
2,281,-7,-4,-3,-45,-52,-121,44,3,19,0,0,0,0,0,0,0,0,0,-7,-4,-4
2,282,-7,-4,-3,-45,-53,-122,44,3,19,0,0,0,0,0,0,0,0,0,-7,-4,-4
2,283,-7,-4,-3,-45,-53,-122,44,2,20,0,0,0,0,0,0,0,0,0,-7,-4,-4
2,284,-7,-4,-3,-45,-53,-122,44,2,20,0,0,0,0,0,0,0,0,0,-7,-4,-4
2,285,-7,-4,-3,-45,-53,-122,44,2,20,0,0,0,0,0,0,0,0,0,-7,-4,-4
2,286,-7,-4,-3,-44,-54,-123,44,2,20,0,0,0,0,0,0,0,0,0,-7,-4,-4
2,287,-7,-4,-3,-44,-54,-123,44,2,20,0,0,0,0,0,0,0,0,0,-7,-4,-4
2,288,-7,-4,-3,-44,-54,-123,44,1,19,0,0,0,0,0,0,0,0,0,-7,-4,-3
2,289,-7,-4,-3,-44,-54,-123,44,1,19,0,0,0,0,0,0,0,0,0,-7,-4,-3
2,290,-7,-4,-3,-44,-54,-123,44,1,19,0,0,0,0,0,0,0,0,0,-7,-4,-3
2,291,-7,-4,-3,-44,-54,-124,44,1,19,0,0,0,0,0,0,0,0,0,-7,-4,-3
2,292,-7,-4,-3,-44,-54,-124,44,1,19,0,0,0,0,0,0,0,0,0,-7,-4,-3
2,293,-8,-4,-3,-43,-55,-124,44,1,18,0,0,0,0,0,0,0,0,0,-8,-4,-3
2,294,-8,-4,-3,-43,-55,-124,44,1,18,0,0,0,0,0,0,0,0,0,-8,-4,-3
2,295,-8,-4,-3,-43,-55,-124,44,1,18,0,0,0,0,0,0,0,0,0,-8,-4,-3
2,296,-8,-4,-3,-42,-55,-125,43,0,19,0,0,0,0,0,0,0,0,0,-8,-4,-3
2,297,-8,-4,-3,-41,-55,-125,43,0,19,0,0,0,0,0,0,0,0,0,-8,-4,-3
2,298,-8,-4,-3,-41,-55,-125,43,0,19,0,0,0,0,0,0,0,0,0,-8,-4,-3
2,299,-8,-4,-3,-40,-55,-125,43,0,19,0,0,0,0,0,0,0,0,0,-8,-4,-3
2,300,-8,-4,-3,-39,-55,-126,43,0,20,0,0,0,0,0,0,0,0,0,-8,-4,-3
2,301,-8,-4,-3,-39,-55,-126,43,0,20,0,0,0,0,0,0,0,0,0,-8,-4,-3
2,302,-8,-4,-3,-39,-55,-126,43,0,20,0,0,0,0,0,0,0,0,0,-8,-4,-3
2,303,-8,-4,-3,-38,-56,-126,43,0,20,0,0,0,0,0,0,0,0,0,-8,-4,-3
2,304,-8,-4,-3,-38,-56,-126,43,0,20,0,0,0,0,0,0,0,0,0,-8,-4,-3
2,305,-8,-4,-3,-38,-56,-126,43,0,20,0,0,0,0,0,0,0,0,0,-8,-4,-3
2,306,-8,-4,-3,-37,-56,-126,43,0,20,0,0,0,0,0,0,0,0,0,-8,-4,-3
2,307,-8,-4,-3,-37,-56,-126,43,0,20,0,0,0,0,0,0,0,0,0,-8,-4,-3
2,308,-8,-4,-3,-36,-56,-126,43,0,20,0,0,0,0,0,0,0,0,0,-8,-4,-3
2,309,-8,-4,-3,-36,-56,-126,43,0,22,0,0,0,0,0,0,0,0,0,-8,-4,-3
2,310,-8,-4,-3,-36,-56,-126,43,0,22,0,0,0,0,0,0,0,0,0,-8,-4,-3
2,311,-8,-4,-3,-36,-56,-126,43,0,22,0,0,0,0,0,0,0,0,0,-8,-4,-3
2,312,-8,-4,-3,-36,-56,-126,43,0,19,0,0,0,0,0,0,0,0,0,-8,-4,-3
2,313,-8,-4,-3,-36,-56,-126,43,0,19,0,0,0,0,0,0,0,0,0,-8,-4,-3
2,314,-8,-4,-3,-36,-56,-127,43,0,19,0,0,0,0,0,0,0,0,0,-8,-4,-3
2,315,-8,-4,-3,-36,-56,-127,43,0,19,0,0,0,0,0,0,0,0,0,-8,-4,-3
2,316,-8,-4,-3,-36,-56,-127,43,0,19,0,0,0,0,0,0,0,0,0,-8,-4,-3
2,317,-8,-4,-3,-35,-56,-127,44,0,21,0,0,0,0,0,0,0,0,0,-8,-4,-3
2,318,-8,-3,-3,-35,-56,-127,44,0,21,0,0,0,0,0,0,0,0,0,-8,-4,-3
2,319,-8,-3,-3,-35,-56,-127,44,0,21,0,0,0,0,0,0,0,0,0,-8,-4,-3
2,320,-8,-3,-3,-35,-56,-127,44,0,21,0,0,0,0,0,0,0,0,0,-8,-4,-3
2,321,-8,-3,-3,-34,-56,-128,42,0,19,0,0,0,0,0,0,0,0,0,-8,-4,-3
2,322,-8,-3,-3,-34,-56,-128,42,0,19,0,0,0,0,0,0,0,0,0,-8,-4,-3
2,323,-8,-3,-3,-34,-56,127,42,0,19,0,0,0,0,0,0,0,0,0,-8,-4,-3
2,324,-8,-3,-3,-33,-57,127,42,0,19,0,0,0,0,0,0,0,0,0,-8,-4,-3
2,325,-8,-3,-3,-33,-57,127,42,0,19,0,0,0,0,0,0,0,0,0,-8,-4,-3
2,326,-8,-3,-3,-33,-57,126,42,0,19,0,0,0,0,0,0,0,0,0,-8,-4,-3
2,327,-8,-3,-3,-33,-57,126,42,0,19,0,0,0,0,0,0,0,0,0,-8,-4,-3
2,328,-8,-3,-3,-32,-57,126,42,0,20,0,0,0,0,0,0,0,0,0,-8,-4,-3
2,329,-8,-3,-3,-32,-57,126,42,0,20,0,0,0,0,0,0,0,0,0,-8,-4,-3
2,330,-8,-4,-3,-32,-57,125,42,0,20,0,0,0,0,0,0,0,0,0,-8,-4,-3
2,331,-8,-4,-3,-31,-57,125,42,0,20,0,0,0,0,0,0,0,0,0,-8,-4,-3
2,332,-8,-4,-3,-31,-57,125,42,0,20,0,0,0,0,0,0,0,0,0,-8,-4,-3
2,333,-8,-3,-3,-31,-57,125,42,0,19,0,0,0,0,0,0,0,0,0,-8,-4,-3
2,334,-8,-3,-3,-31,-57,125,42,0,19,0,0,0,0,0,0,0,0,0,-8,-4,-3
2,335,-8,-3,-3,-31,-57,125,42,0,19,0,0,0,0,0,0,0,0,0,-8,-4,-3
2,336,-8,-3,-3,-31,-57,125,43,1,20,0,0,0,0,0,0,0,0,0,-8,-4,-3
2,337,-8,-3,-3,-31,-57,125,43,1,20,0,0,0,0,0,0,0,0,0,-8,-4,-3
2,338,-8,-4,-3,-30,-57,125,43,1,20,0,0,0,0,0,0,0,0,0,-8,-4,-3
2,339,-8,-4,-3,-30,-57,125,43,1,20,0,0,0,0,0,0,0,0,0,-8,-4,-3
2,340,-8,-4,-3,-30,-58,125,42,2,20,0,0,0,0,0,0,0,0,0,-8,-4,-3
2,341,-8,-4,-3,-30,-58,126,42,2,20,0,0,0,0,0,0,0,0,0,-8,-4,-3
2,342,-8,-4,-3,-30,-58,126,42,2,20,0,0,0,0,0,0,0,0,0,-8,-4,-3
2,343,-8,-4,-2,-30,-58,126,42,2,20,0,0,0,0,0,0,0,0,0,-8,-4,-3
2,344,-8,-4,-2,-29,-58,126,43,0,19,0,0,0,0,0,0,0,0,0,-8,-4,-3
2,345,-8,-4,-2,-29,-58,126,43,0,19,0,0,0,0,0,0,0,0,0,-8,-4,-3
2,346,-8,-4,-2,-28,-58,126,43,0,20,0,0,0,0,0,0,0,0,0,-8,-4,-3
2,347,-8,-4,-2,-28,-58,126,43,0,20,0,0,0,0,0,0,0,0,0,-8,-4,-3
2,348,-8,-4,-2,-28,-58,127,43,0,20,0,0,0,0,0,0,0,0,0,-8,-4,-3
2,349,-8,-4,-2,-27,-58,127,43,0,20,0,0,0,0,0,0,0,0,0,-8,-4,-3
2,350,-8,-4,-2,-27,-58,127,41,1,18,0,0,0,0,0,0,0,0,0,-8,-4,-3
2,351,-8,-4,-2,-27,-58,127,41,1,18,0,0,0,0,0,0,0,0,0,-8,-4,-3
2,352,-8,-4,-2,-26,-58,127,41,1,18,0,0,0,0,0,0,0,0,0,-8,-4,-3
2,353,-8,-4,-2,-26,-58,127,41,1,18,0,0,0,0,0,0,0,0,0,-8,-4,-3
2,354,-8,-4,-2,-25,-58,127,41,1,18,0,0,0,0,0,0,0,0,0,-8,-4,-3
2,355,-8,-4,-2,-25,-58,127,41,1,18,0,0,0,0,0,0,0,0,0,-8,-4,-3
2,356,-8,-4,-2,-25,-58,127,41,0,19,0,0,0,0,0,0,0,0,0,-8,-4,-3
2,357,-8,-4,-2,-25,-58,127,41,0,19,0,0,0,0,0,0,0,0,0,-8,-4,-3
2,358,-8,-4,-2,-25,-58,127,41,0,19,0,0,0,0,0,0,0,0,0,-8,-4,-3
2,359,-8,-4,-2,-24,-58,127,41,0,19,0,0,0,0,0,0,0,0,0,-8,-4,-3
2,360,-8,-3,-2,-23,-58,127,42,0,24,0,0,0,0,0,0,0,0,0,-8,-3,-3
2,361,-8,-3,-2,-23,-58,127,42,0,24,0,0,0,0,0,0,0,0,0,-8,-3,-3
2,362,-8,-4,-2,-23,-58,127,42,0,24,0,0,0,0,0,0,0,0,0,-8,-3,-3
2,363,-8,-4,-2,-23,-58,127,42,0,22,0,0,0,0,0,0,0,0,0,-8,-3,-3
2,364,-8,-4,-2,-23,-58,127,42,0,22,0,0,0,0,0,0,0,0,0,-8,-3,-3
2,365,-8,-4,-2,-22,-58,127,42,0,22,0,0,0,0,0,0,0,0,0,-8,-4,-3
2,366,-8,-4,-2,-22,-58,127,42,0,22,0,0,0,0,0,0,0,0,0,-8,-4,-3
2,367,-8,-4,-2,-22,-58,127,42,0,22,0,0,0,0,0,0,0,0,0,-8,-4,-3
2,368,-8,-4,-2,-22,-58,127,42,0,22,0,0,0,0,0,0,0,0,0,-8,-4,-3
2,369,-8,-4,-2,-21,-58,127,42,0,22,0,0,0,0,0,0,0,0,0,-8,-4,-3
2,370,-8,-4,-2,-21,-58,127,42,0,22,0,0,0,0,0,0,0,0,0,-8,-4,-3
2,371,-8,-4,-2,-21,-58,127,41,0,23,0,0,0,0,0,0,0,0,0,-8,-4,-3
2,372,-8,-4,-2,-21,-58,127,41,0,23,0,0,0,0,0,0,0,0,0,-8,-4,-3
2,373,-8,-4,-2,-21,-58,127,41,0,23,0,0,0,0,0,0,0,0,0,-8,-4,-3
2,374,-8,-4,-2,-21,-58,127,41,0,23,0,0,0,0,0,0,0,0,0,-8,-4,-3
2,375,-8,-4,-2,-21,-58,127,41,1,22,0,0,0,0,0,0,0,0,0,-8,-4,-3
2,376,-8,-4,-2,-21,-58,127,41,1,22,0,0,0,0,0,0,0,0,0,-8,-4,-3
2,377,-8,-4,-2,-21,-58,127,41,1,22,0,0,0,0,0,0,0,0,0,-8,-4,-3
2,378,-8,-4,-2,-21,-58,-128,40,0,23,0,0,0,0,0,0,0,0,0,-8,-4,-3
2,379,-8,-4,-2,-21,-58,-128,40,0,23,0,0,0,0,0,0,0,0,0,-8,-4,-3
2,380,-8,-4,-2,-21,-58,-128,40,0,23,0,0,0,0,0,0,0,0,0,-8,-3,-3
2,381,-8,-3,-2,-21,-58,-128,40,0,25,0,0,0,0,0,0,0,0,0,-8,-3,-3
2,382,-8,-3,-2,-21,-58,-128,40,0,25,0,0,0,0,0,0,0,0,0,-8,-3,-3
2,383,-8,-3,-2,-21,-58,-127,40,0,25,0,0,0,0,0,0,0,0,0,-8,-3,-3
2,384,-8,-3,-2,-20,-58,-127,40,0,25,0,0,0,0,0,0,0,0,0,-8,-3,-3
2,385,-8,-3,-3,-20,-58,-127,39,0,25,0,0,0,0,0,0,0,0,0,-8,-3,-3
2,386,-8,-3,-3,-20,-58,-127,39,0,25,0,0,0,0,0,0,0,0,0,-8,-3,-3
2,387,-8,-4,-3,-20,-58,-127,39,0,25,0,0,0,0,0,0,0,0,0,-8,-3,-3
2,388,-8,-4,-3,-20,-58,-127,39,0,25,0,0,0,0,0,0,0,0,0,-8,-3,-3
2,389,-8,-4,-3,-19,-58,-127,39,0,26,0,0,0,0,0,0,0,0,0,-8,-3,-3
2,390,-8,-4,-3,-19,-58,-127,39,0,26,0,0,0,0,0,0,0,0,0,-8,-3,-3
2,391,-8,-4,-3,-19,-58,-127,39,0,26,0,0,0,0,0,0,0,0,0,-8,-3,-3
2,392,-8,-4,-3,-17,-58,-128,40,0,25,0,0,0,0,0,0,0,0,0,-8,-4,-3
2,393,-8,-4,-3,-17,-58,-128,40,0,25,0,0,0,0,0,0,0,0,0,-8,-4,-3
2,394,-8,-4,-3,-17,-58,-128,40,0,25,0,0,0,0,0,0,0,0,0,-8,-4,-3
2,395,-8,-4,-3,-17,-58,-128,41,1,26,0,0,0,0,0,0,0,0,0,-8,-4,-3
2,396,-8,-4,-3,-17,-58,-128,41,1,26,0,0,0,0,0,0,0,0,0,-8,-4,-3
2,397,-8,-3,-3,-16,-58,-128,41,1,26,0,0,0,0,0,0,0,0,0,-8,-4,-3
2,398,-7,-3,-3,-16,-58,-128,41,1,26,0,0,0,0,0,0,0,0,0,-8,-4,-3
2,399,-8,-4,-3,-15,-57,-128,40,1,25,0,0,0,0,0,0,0,0,0,-8,-4,-3
2,400,-8,-4,-3,-15,-57,-128,40,1,25,0,0,0,0,0,0,0,0,0,-8,-4,-3
2,401,-8,-4,-3,-15,-57,-128,40,1,25,0,0,0,0,0,0,0,0,0,-8,-4,-3
2,402,-8,-4,-3,-14,-57,-127,39,1,26,0,0,0,0,0,0,0,0,0,-8,-4,-3
2,403,-8,-4,-3,-14,-57,-127,39,1,26,0,0,0,0,0,0,0,0,0,-8,-4,-3
2,404,-8,-4,-3,-13,-57,-127,39,1,26,0,0,0,0,0,0,0,0,0,-8,-4,-3
2,405,-8,-4,-3,-13,-57,-127,39,1,26,0,0,0,0,0,0,0,0,0,-8,-4,-3
2,406,-8,-4,-3,-13,-57,-127,39,1,26,0,0,0,0,0,0,0,0,0,-8,-4,-3
2,407,-8,-4,-3,-12,-56,-127,40,2,26,0,0,0,0,0,0,0,0,0,-8,-4,-3
2,408,-8,-4,-3,-12,-56,-127,40,2,26,0,0,0,0,0,0,0,0,0,-8,-4,-3
2,409,-8,-4,-3,-11,-56,-127,40,2,26,0,0,0,0,0,0,0,0,0,-8,-4,-3
2,410,-8,-4,-3,-10,-56,-127,40,2,26,0,0,0,0,0,0,0,0,0,-8,-4,-3
2,411,-8,-4,-3,-10,-56,-127,39,2,25,0,0,0,0,0,0,0,0,0,-8,-4,-3
2,412,-8,-4,-3,-10,-56,-127,39,2,25,0,0,0,0,0,0,0,0,0,-8,-4,-3
2,413,-8,-4,-3,-9,-56,-127,39,2,25,0,0,0,0,0,0,0,0,0,-8,-4,-3
2,414,-8,-4,-3,-9,-56,-127,39,2,25,0,0,0,0,0,0,0,0,0,-8,-4,-3
2,415,-8,-4,-3,-8,-56,-127,39,2,25,0,0,0,0,0,0,0,0,0,-8,-4,-3
2,416,-8,-4,-3,-7,-56,-127,38,2,27,0,0,0,0,0,0,0,0,0,-8,-4,-3
2,417,-8,-4,-3,-7,-56,-127,38,2,27,0,0,0,0,0,0,0,0,0,-8,-4,-3
2,418,-8,-4,-3,-6,-56,-127,38,3,25,0,0,0,0,0,0,0,0,0,-8,-4,-3
2,419,-8,-4,-3,-6,-56,-127,38,3,25,0,0,0,0,0,0,0,0,0,-8,-4,-3
2,420,-8,-4,-3,-6,-56,-127,38,3,25,0,0,0,0,0,0,0,0,0,-8,-4,-3
2,421,-8,-4,-3,-6,-56,-127,38,3,25,0,0,0,0,0,0,0,0,0,-8,-4,-3
2,422,-8,-4,-3,-5,-55,-127,36,2,26,0,0,0,0,0,0,0,0,0,-8,-4,-3
2,423,-7,-4,-3,-5,-55,-127,36,2,26,0,0,0,0,0,0,0,0,0,-8,-4,-3
2,424,-7,-4,-3,-5,-55,-127,36,2,26,0,0,0,0,0,0,0,0,0,-8,-4,-3
2,425,-7,-4,-3,-5,-55,-127,36,2,26,0,0,0,0,0,0,0,0,0,-8,-4,-3
2,426,-7,-4,-3,-5,-55,-127,36,2,28,0,0,0,0,0,0,0,0,0,-8,-4,-3
2,427,-7,-4,-3,-5,-55,-127,36,2,28,0,0,0,0,0,0,0,0,0,-8,-4,-3
2,428,-7,-4,-3,-4,-55,-127,36,2,28,0,0,0,0,0,0,0,0,0,-8,-4,-3
2,429,-7,-4,-3,-4,-55,-127,38,3,29,0,0,0,0,0,0,0,0,0,-8,-4,-3
2,430,-7,-4,-3,-4,-55,-127,38,3,29,0,0,0,0,0,0,0,0,0,-8,-4,-3
2,431,-7,-4,-3,-4,-55,-127,38,3,29,0,0,0,0,0,0,0,0,0,-8,-4,-3
2,432,-7,-4,-3,-4,-55,-126,38,3,29,0,0,0,0,0,0,0,0,0,-8,-4,-3
2,433,-7,-4,-3,-3,-54,-126,37,3,27,0,0,0,0,0,0,0,0,0,-8,-4,-3
2,434,-7,-4,-3,-3,-54,-126,37,3,27,0,0,0,0,0,0,0,0,0,-8,-4,-3
2,435,-7,-4,-3,-3,-54,-126,37,3,27,0,0,0,0,0,0,0,0,0,-8,-4,-3
2,436,-7,-4,-3,-2,-54,-126,37,3,27,0,0,0,0,0,0,0,0,0,-7,-4,-3
2,437,-7,-4,-3,-2,-54,-126,35,3,30,0,0,0,0,0,0,0,0,0,-7,-4,-3
2,438,-7,-4,-3,-2,-54,-126,35,3,30,0,0,0,0,0,0,0,0,0,-7,-4,-3
2,439,-7,-4,-3,-1,-53,-126,35,3,30,0,0,0,0,0,0,0,0,0,-7,-4,-3
2,440,-7,-4,-3,0,-53,-126,37,4,30,0,0,0,0,0,0,0,0,0,-7,-4,-3
2,441,-7,-4,-3,0,-53,-126,37,4,30,0,0,0,0,0,0,0,0,0,-7,-4,-3
2,442,-7,-4,-3,1,-52,-126,37,4,30,0,0,0,0,0,0,0,0,0,-7,-4,-3
2,443,-7,-4,-3,2,-52,-126,37,4,30,0,0,0,0,0,0,0,0,0,-7,-4,-3
2,444,-7,-4,-3,4,-52,-126,36,4,30,0,0,0,0,0,0,0,0,0,-7,-4,-3
2,445,-7,-4,-3,4,-52,-126,36,4,30,0,0,0,0,0,0,0,0,0,-7,-4,-3
2,446,-7,-4,-3,5,-51,-127,36,4,30,0,0,0,0,0,0,0,0,0,-7,-4,-3
2,447,-7,-4,-3,5,-51,-127,36,4,30,0,0,0,0,0,0,0,0,0,-7,-4,-3
2,448,-7,-4,-3,7,-51,-127,36,4,30,0,0,0,0,0,0,0,0,0,-7,-4,-3
2,449,-7,-4,-4,7,-51,-127,33,4,30,0,0,0,0,0,0,0,0,0,-7,-4,-3
2,450,-7,-4,-4,7,-51,-127,33,4,30,0,0,0,0,0,0,0,0,0,-7,-4,-3
2,451,-7,-5,-4,9,-50,-127,33,4,30,0,0,0,0,0,0,0,0,0,-7,-4,-3
2,452,-7,-5,-4,9,-50,-127,35,5,30,0,0,0,0,0,0,0,0,0,-7,-4,-3
2,453,-7,-5,-4,9,-50,-127,35,5,30,0,0,0,0,0,0,0,0,0,-7,-4,-3
2,454,-7,-5,-4,10,-50,-127,35,5,30,0,0,0,0,0,0,0,0,0,-7,-4,-3
2,455,-7,-5,-3,11,-49,-128,35,5,30,0,0,0,0,0,0,0,0,0,-7,-4,-3
2,456,-7,-5,-3,11,-49,-128,35,5,30,0,0,0,0,0,0,0,0,0,-7,-4,-3
2,457,-7,-5,-3,13,-49,-128,33,7,30,0,0,0,0,0,0,0,0,0,-7,-4,-3
2,458,-7,-5,-3,14,-49,-128,33,7,30,0,0,0,0,0,0,0,0,0,-7,-5,-3
2,459,-7,-5,-3,14,-49,-128,33,7,30,0,0,0,0,0,0,0,0,0,-7,-5,-3
2,460,-7,-5,-3,15,-48,-128,33,7,30,0,0,0,0,0,0,0,0,0,-7,-5,-3
2,461,-7,-5,-4,16,-48,127,33,7,29,0,0,0,0,0,0,0,0,0,-7,-5,-3
2,462,-7,-5,-4,17,-48,127,33,7,29,0,0,0,0,0,0,0,0,0,-7,-5,-3
2,463,-7,-5,-4,18,-47,127,32,9,30,0,0,0,0,0,0,0,0,0,-7,-5,-3
2,464,-7,-5,-4,18,-47,127,32,9,30,0,0,0,0,0,0,0,0,0,-7,-5,-3
2,465,-6,-5,-4,20,-47,127,32,9,30,0,0,0,0,0,0,0,0,0,-7,-5,-4
2,466,-6,-5,-4,20,-47,127,32,9,30,0,0,0,0,0,0,0,0,0,-7,-5,-4
2,467,-6,-5,-4,21,-47,126,31,10,32,0,0,0,0,0,0,0,0,0,-7,-5,-3
2,468,-6,-5,-4,23,-46,126,31,10,32,0,0,0,0,0,0,0,0,0,-7,-5,-3
2,469,-6,-5,-4,24,-46,125,31,10,32,0,0,0,0,0,0,0,0,0,-7,-5,-3
2,470,-6,-5,-3,26,-46,124,30,10,33,0,0,0,0,0,0,0,0,0,-7,-5,-3
2,471,-6,-5,-3,26,-46,124,30,10,33,0,0,0,0,0,0,0,0,0,-7,-5,-3
2,472,-6,-5,-3,28,-46,124,30,10,33,0,0,0,0,0,0,0,0,0,-7,-5,-3
2,473,-6,-5,-3,29,-46,123,31,12,33,1,0,0,0,0,0,0,0,0,-7,-5,-3
2,474,-6,-5,-3,31,-45,122,31,12,33,1,0,0,0,0,0,0,0,0,-7,-5,-3
2,475,-6,-5,-3,32,-45,122,31,12,33,0,0,0,0,0,0,0,0,0,-7,-5,-3
2,476,-6,-5,-3,32,-45,122,29,13,31,0,0,0,0,0,0,0,0,0,-7,-5,-3
2,477,-6,-5,-3,34,-45,121,29,13,31,0,0,0,0,0,0,0,0,0,-7,-5,-3
2,478,-6,-6,-3,35,-45,121,29,13,31,0,0,0,0,0,0,0,0,0,-6,-5,-3
2,479,-6,-6,-3,35,-45,121,29,13,31,0,0,0,0,0,0,0,0,0,-6,-5,-3
2,480,-6,-6,-3,37,-45,120,29,13,31,0,0,0,0,0,0,0,0,0,-6,-5,-3
2,481,-6,-6,-3,38,-44,119,28,15,30,0,0,0,0,0,0,0,0,0,-6,-5,-3
2,482,-6,-7,-3,45,-43,116,27,16,32,1,0,0,0,0,0,0,-1,0,-6,-6,-3
2,483,-7,-7,-3,48,-43,114,27,16,32,2,0,0,0,0,0,0,0,0,-6,-6,-3
2,484,-7,-7,-3,52,-42,112,27,19,30,2,0,0,0,0,0,0,0,0,-6,-6,-2
2,485,-7,-7,-3,52,-42,112,27,19,30,2,0,0,0,0,0,0,0,0,-6,-6,-2
2,486,-6,-7,-3,56,-41,110,27,19,30,2,0,0,0,0,0,0,0,0,-6,-6,-2
2,487,-6,-7,-3,60,-41,108,27,19,30,2,0,0,0,0,0,0,0,0,-6,-6,-2
2,488,-6,-7,-3,60,-41,108,27,19,30,2,1,0,0,0,0,0,0,0,-6,-6,-2
2,489,-6,-7,-3,62,-40,107,25,22,29,2,1,0,0,0,0,0,0,-1,-6,-6,-2
2,490,-6,-7,-3,66,-39,105,25,22,29,2,1,0,0,0,0,0,0,-1,-6,-7,-2
2,491,-6,-7,-3,66,-39,105,25,22,29,2,1,0,0,0,0,0,0,-1,-6,-7,-2
2,492,-6,-7,-3,71,-38,103,23,27,27,2,1,0,0,0,0,0,0,-1,-6,-7,-1
2,493,-6,-8,-2,75,-37,100,23,27,27,2,1,0,0,0,0,0,0,-1,-6,-7,-1
2,494,-6,-8,-2,75,-37,100,23,27,27,3,1,0,0,0,0,0,0,-1,-6,-7,-1
2,495,-6,-8,-2,79,-36,98,23,27,27,3,1,0,0,0,0,0,0,-1,-5,-7,-1
2,496,-6,-8,-2,84,-35,95,20,31,25,3,1,0,0,0,0,0,0,-1,-5,-7,-1
2,497,-6,-8,-2,84,-35,95,20,31,25,3,1,0,0,0,0,0,0,-1,-5,-7,-1
2,498,-6,-7,-1,88,-34,92,20,31,25,3,1,0,0,0,0,0,0,-1,-5,-7,0
2,499,-6,-7,-1,90,-33,90,20,31,25,3,0,-1,0,0,0,0,0,0,-5,-8,0
2,500,-6,-7,-1,90,-33,90,20,31,25,3,0,-1,0,0,0,0,0,0,-5,-8,0
2,501,-5,-8,0,96,-31,86,18,35,22,3,0,-1,0,0,0,0,0,0,-5,-8,0
2,502,-5,-8,0,98,-31,84,18,35,22,3,0,-1,0,0,0,0,0,0,-5,-8,0
2,503,-5,-8,0,98,-31,84,18,35,22,3,0,-1,0,0,0,0,0,0,-5,-8,0
2,504,-5,-8,0,102,-30,82,15,40,17,3,0,-1,0,0,0,0,0,0,-5,-8,0
2,505,-5,-8,1,1,-29,79,15,40,17,3,0,-1,0,0,0,0,0,0,-4,-8,1
2,506,-5,-8,1,1,-29,79,15,40,17,3,0,-1,0,0,0,0,0,0,-4,-8,1
2,507,-4,-8,2,4,-27,76,15,40,17,3,0,-1,0,0,0,0,0,0,-4,-8,1
2,508,-4,-8,2,7,-26,73,12,44,12,3,0,-1,0,0,0,0,0,0,-4,-8,2
2,509,-4,-8,2,7,-26,73,12,44,12,3,0,-1,0,0,0,0,0,0,-4,-8,2
2,510,-4,-8,3,10,-26,70,12,44,12,3,0,-1,0,0,0,0,0,0,-4,-8,2
2,511,-4,-8,3,10,-26,70,12,44,12,3,0,-1,0,0,0,0,0,0,-4,-8,2
2,512,-4,-7,3,12,-25,67,12,44,12,3,0,-1,0,0,0,0,0,0,-4,-8,3
2,513,-4,-7,4,14,-24,64,11,46,5,2,0,-1,0,0,0,0,0,0,-4,-8,3
2,514,-3,-6,5,23,-20,55,6,47,-9,1,0,0,0,0,0,0,1,0,-3,-7,5
2,515,-3,-6,5,23,-20,55,6,47,-9,1,0,0,0,0,0,0,1,0,-3,-7,5
2,516,-3,-6,5,23,-20,55,6,47,-9,1,0,0,0,0,0,0,1,0,-3,-7,5
2,517,-3,-6,5,23,-20,55,6,47,-9,1,0,0,0,0,0,0,1,0,-3,-7,5
2,518,-3,-6,6,23,-20,55,6,47,-9,1,0,0,0,0,0,0,1,0,-3,-7,5
2,519,-3,-6,6,25,-19,53,6,47,-9,1,0,0,0,0,0,0,1,0,-3,-7,5
2,520,-3,-6,5,26,-18,52,3,47,-11,1,0,0,0,0,0,0,1,0,-3,-7,5
2,521,-3,-6,5,26,-18,52,3,47,-11,1,0,0,0,0,0,0,1,0,-3,-7,5
2,522,-3,-6,5,27,-17,51,3,47,-11,1,0,0,0,0,0,0,1,0,-3,-7,5
2,523,-2,-5,6,28,-17,50,3,47,-11,1,0,0,0,0,0,0,1,0,-2,-7,5
2,524,-2,-5,6,28,-17,50,3,47,-11,1,0,0,0,0,0,0,1,0,-2,-7,5
2,525,-2,-5,6,29,-16,49,2,46,-16,1,0,0,0,0,0,0,1,0,-2,-7,6
2,526,-2,-5,6,29,-15,47,2,46,-16,1,0,0,0,0,0,0,1,0,-2,-7,6
2,527,-2,-5,6,29,-15,47,2,46,-16,1,0,0,0,0,0,0,1,0,-2,-7,6
2,528,-1,-5,6,30,-15,46,0,46,-19,1,0,0,0,0,0,0,1,0,-2,-6,6
2,529,-1,-6,6,31,-14,45,0,46,-19,1,0,0,0,0,0,0,0,0,-2,-6,6
2,530,-1,-6,6,31,-14,45,0,46,-19,0,0,0,0,0,0,0,0,0,-2,-6,6
2,531,-2,-5,6,31,-14,44,0,46,-19,0,0,0,0,0,0,0,0,0,-2,-6,6
2,532,-2,-6,7,31,-14,43,0,43,-21,0,0,0,0,0,0,0,0,0,-2,-6,6
2,533,-2,-6,7,31,-14,43,0,43,-21,0,0,0,0,0,0,0,0,0,-2,-6,6
2,534,-1,-5,6,31,-13,42,0,43,-21,0,0,0,0,0,0,1,1,0,-2,-6,6
2,535,-1,-5,6,32,-13,42,0,43,-21,0,0,0,0,0,0,0,1,0,-2,-6,6
2,536,-2,-4,7,32,-14,42,-1,43,-23,0,0,0,0,0,0,0,1,0,-2,-6,7
2,537,-2,-4,7,32,-14,42,-1,43,-23,0,0,0,0,0,0,0,1,0,-2,-6,7
2,538,-2,-5,6,32,-14,41,-1,43,-23,0,0,0,0,0,0,0,0,0,-2,-6,7
2,539,-2,-5,7,32,-14,41,-1,43,-23,0,0,0,0,0,0,0,0,0,-2,-6,7
2,540,-2,-5,7,32,-14,41,-1,43,-23,0,0,0,0,0,0,0,0,0,-2,-6,7
2,541,-2,-6,6,33,-14,41,-1,43,-24,0,0,0,0,0,0,0,0,0,-2,-6,7
2,542,-2,-6,6,33,-14,41,-1,43,-24,0,0,0,0,0,0,0,0,0,-2,-6,7
2,543,-2,-6,6,33,-14,40,-1,43,-24,0,0,0,0,0,0,0,0,0,-2,-6,7
2,544,-1,-6,6,33,-14,39,0,42,-26,0,0,0,0,0,0,0,0,0,-2,-6,7
2,545,-1,-6,6,33,-14,39,0,42,-26,0,0,0,0,0,0,0,0,0,-2,-6,7
2,546,-1,-5,7,34,-14,39,0,42,-26,0,0,0,0,0,0,0,0,0,-2,-6,7
2,547,-1,-5,6,34,-15,39,0,42,-26,0,0,0,0,0,0,0,0,0,-2,-6,7
2,548,-1,-5,6,34,-15,39,0,42,-26,0,0,0,0,0,0,0,0,0,-2,-6,7
2,549,-1,-5,6,34,-15,39,0,41,-27,0,0,0,0,0,0,0,0,0,-2,-5,7
2,550,-2,-5,7,34,-15,39,0,41,-27,0,0,0,0,0,0,0,0,0,-2,-5,7
2,551,-2,-5,7,34,-15,39,0,41,-27,0,0,0,0,0,0,0,0,0,-2,-5,7
2,552,-1,-5,6,34,-16,39,-1,40,-28,0,0,0,0,0,0,1,0,0,-2,-6,7
2,553,-2,-5,7,34,-16,40,-1,40,-28,0,0,0,0,0,0,0,0,0,-2,-6,7
2,554,-2,-5,7,34,-16,40,-1,40,-28,0,0,0,0,0,0,0,0,0,-2,-6,7
2,555,-2,-5,7,34,-16,40,-1,40,-28,0,0,0,0,0,0,0,0,0,-2,-6,7
2,556,-2,-5,7,33,-17,41,-1,40,-28,0,0,0,0,0,0,0,0,0,-2,-6,7
2,557,-2,-5,7,33,-17,41,-1,40,-28,0,0,0,0,0,0,0,0,0,-2,-6,7
2,558,-2,-6,6,33,-18,42,0,41,-28,0,0,0,0,0,0,0,0,0,-3,-6,6
2,559,-2,-6,5,32,-19,43,0,41,-28,0,0,0,0,0,0,0,0,-1,-3,-6,6
2,560,-2,-6,5,32,-19,43,0,41,-28,-1,0,0,0,0,0,0,0,-1,-3,-6,6
2,561,-4,-5,6,31,-20,44,0,41,-28,-1,0,0,0,0,0,0,0,-1,-3,-6,6
2,562,-4,-5,6,30,-21,46,2,41,-25,-1,0,0,0,0,0,0,0,0,-3,-6,6
2,563,-4,-5,6,30,-21,46,2,41,-25,-1,0,0,0,0,0,0,0,0,-3,-6,6
2,564,-3,-6,6,30,-22,47,2,41,-25,-1,0,0,0,0,0,0,0,0,-3,-6,6
2,565,-3,-6,6,30,-22,47,2,41,-25,0,0,0,0,0,0,0,0,0,-3,-6,6
2,566,-3,-6,6,29,-22,48,2,44,-24,0,0,0,0,0,0,0,0,0,-3,-6,6
2,567,-3,-6,6,29,-22,48,2,44,-24,0,0,0,0,0,0,0,0,0,-3,-6,6
2,568,-3,-6,6,29,-23,49,2,44,-24,0,0,0,0,0,0,0,0,0,-3,-6,5
2,569,-3,-6,6,29,-24,49,2,44,-24,0,0,0,0,0,0,0,0,0,-3,-6,5
2,570,-4,-7,6,28,-24,50,4,44,-21,0,0,0,0,0,0,0,0,0,-4,-6,5
2,571,-4,-7,5,28,-24,50,4,44,-21,0,0,0,0,0,0,0,0,0,-4,-6,5
2,572,-4,-7,5,28,-25,50,4,44,-21,0,0,0,0,0,0,0,0,0,-4,-6,5
2,573,-4,-7,6,28,-25,50,5,45,-16,0,0,0,0,0,0,0,0,0,-4,-6,5
2,574,-4,-7,6,28,-25,50,5,45,-16,0,0,0,0,0,0,0,0,0,-4,-6,5
2,575,-4,-7,6,28,-25,50,5,45,-16,0,0,0,0,0,0,0,0,0,-4,-6,5
2,576,-3,-6,6,28,-26,51,5,45,-16,0,0,0,0,0,0,0,0,0,-4,-6,5
2,577,-3,-6,6,28,-26,51,5,45,-16,0,0,0,0,0,0,0,0,0,-4,-6,5
2,578,-5,-7,6,28,-26,51,8,45,-18,0,0,0,0,0,0,-1,0,0,-4,-6,5
2,579,-5,-7,6,28,-26,51,8,45,-18,0,0,0,0,0,0,-1,0,0,-4,-6,5
2,580,-5,-7,6,28,-26,51,8,45,-18,0,0,0,0,0,0,0,0,0,-4,-6,5
2,581,-4,-7,6,27,-26,52,8,45,-18,0,0,0,0,0,0,0,0,0,-4,-6,5
2,582,-4,-7,6,27,-26,53,7,44,-17,0,0,0,0,0,0,0,0,0,-4,-6,5
2,583,-4,-7,6,27,-26,53,7,44,-17,0,0,0,0,0,0,0,0,0,-4,-6,5
2,584,-4,-7,6,27,-26,53,7,44,-17,0,0,0,0,0,0,0,0,0,-4,-7,5
2,585,-4,-7,6,27,-26,53,7,44,-17,0,0,0,0,0,0,0,0,0,-4,-7,5
2,586,-4,-7,6,27,-26,53,7,44,-17,0,0,0,0,0,0,0,0,0,-4,-7,5
2,587,-4,-7,5,27,-27,53,8,45,-14,0,0,0,0,0,0,0,0,0,-4,-7,5
2,588,-4,-7,5,27,-27,53,8,45,-14,0,0,0,0,0,0,0,0,0,-4,-7,5
2,589,-4,-7,5,27,-27,53,8,45,-14,0,0,0,0,0,0,0,0,0,-4,-7,5
2,590,-4,-7,5,27,-27,53,8,45,-14,0,0,0,0,0,0,0,0,0,-4,-7,5
2,591,-4,-7,5,26,-27,52,8,45,-14,0,0,0,0,0,0,0,0,0,-4,-6,5
2,592,-4,-7,5,26,-27,52,8,45,-14,0,0,0,0,0,0,0,0,0,-4,-6,5
2,593,-4,-6,5,26,-27,52,9,45,-14,0,0,0,0,0,0,0,0,0,-4,-6,5
2,594,-4,-6,5,26,-27,52,9,45,-14,0,0,0,0,0,0,0,0,0,-4,-6,5
2,595,-4,-6,5,27,-27,52,9,45,-14,0,0,0,0,0,0,0,0,0,-4,-6,5
2,596,-4,-6,5,26,-27,52,8,45,-16,0,0,0,0,0,0,0,0,0,-4,-6,5
2,597,-4,-6,5,26,-27,52,8,45,-16,0,0,0,0,0,0,0,0,0,-4,-6,5
2,598,-4,-6,5,26,-27,53,8,45,-16,0,0,0,0,0,0,0,0,0,-4,-6,5
2,599,-4,-6,5,26,-27,53,8,45,-16,0,0,0,0,0,0,0,0,0,-4,-6,5
2,600,-4,-6,5,26,-27,53,8,45,-16,0,0,0,0,0,0,0,0,0,-4,-6,5
2,601,-4,-7,5,26,-27,53,8,45,-13,0,0,0,0,0,0,0,0,0,-4,-6,5
2,602,-4,-7,5,26,-27,53,8,45,-13,0,0,0,0,0,0,0,0,0,-4,-6,5
2,603,-4,-7,5,26,-27,53,8,45,-13,0,0,0,0,0,0,0,0,0,-4,-7,5
2,604,-4,-7,5,26,-27,53,8,45,-13,0,0,0,0,0,0,0,0,0,-4,-7,5
2,605,-4,-7,5,26,-27,54,9,46,-14,0,0,0,0,0,0,0,0,0,-4,-7,5
2,606,-4,-7,5,26,-26,54,9,46,-14,0,0,0,0,0,0,0,0,0,-4,-7,5
2,607,-4,-7,5,26,-26,54,9,46,-14,0,0,0,0,0,0,0,0,0,-4,-7,5
2,608,-4,-7,5,26,-26,54,9,46,-14,0,0,0,0,0,0,0,0,0,-4,-7,5
2,609,-4,-7,5,26,-26,54,8,46,-12,0,0,0,0,0,0,0,0,0,-4,-7,5
2,610,-4,-7,5,26,-26,54,8,46,-12,0,0,0,0,0,0,0,0,0,-4,-7,5
2,611,-4,-7,5,26,-26,54,8,46,-12,0,0,0,0,0,0,0,0,0,-4,-7,5
2,612,-4,-7,5,26,-26,54,8,46,-12,0,0,0,0,0,0,0,0,0,-4,-7,5
2,613,-4,-7,5,26,-26,54,7,45,-14,0,0,0,0,0,0,0,0,0,-4,-7,5
2,614,-4,-7,5,26,-26,54,7,45,-14,0,0,0,0,0,0,0,0,0,-4,-7,5
2,615,-4,-7,5,26,-27,53,7,45,-14,0,0,0,0,0,0,0,0,0,-4,-7,5
2,616,-4,-7,5,26,-27,53,8,45,-16,0,0,0,0,0,0,0,0,0,-4,-7,5
2,617,-4,-7,5,26,-27,53,8,45,-16,0,0,0,0,0,0,0,0,0,-4,-7,5
2,618,-4,-6,5,26,-27,53,8,45,-16,0,0,0,0,0,0,0,0,0,-4,-7,5
2,619,-4,-6,5,26,-27,53,8,45,-16,0,0,0,0,0,0,0,0,0,-4,-7,5
2,620,-4,-6,5,26,-27,53,8,45,-16,0,0,0,0,0,0,0,0,0,-4,-7,5
2,621,-4,-6,5,26,-27,53,8,45,-16,0,0,0,0,0,0,0,0,0,-4,-6,5
2,622,-4,-6,5,26,-27,53,8,45,-16,0,0,0,0,0,0,0,0,0,-4,-6,5
2,623,-4,-6,5,26,-27,53,8,45,-16,0,0,0,0,0,0,0,0,0,-4,-6,5
2,624,-4,-7,5,26,-27,53,8,45,-16,0,0,0,0,0,0,0,0,0,-4,-6,5
2,625,-4,-7,5,26,-27,53,8,45,-16,0,0,0,0,0,0,0,0,0,-4,-6,5
2,626,-4,-7,5,26,-27,53,8,45,-16,0,0,0,0,0,0,0,0,0,-4,-6,5
2,627,-4,-7,5,26,-27,53,9,45,-15,0,0,0,0,0,0,0,0,0,-4,-6,5
2,628,-4,-7,5,26,-27,52,9,45,-15,0,0,0,0,0,0,0,0,0,-4,-6,5
2,629,-4,-7,5,26,-27,52,9,45,-15,0,0,0,0,0,0,0,0,0,-4,-6,5
2,630,-4,-7,5,26,-27,52,9,45,-14,0,0,0,0,0,0,0,0,0,-4,-6,5
2,631,-4,-7,5,26,-27,52,9,45,-14,0,0,0,0,0,0,0,0,0,-4,-6,5
2,632,-4,-6,5,26,-27,52,9,45,-14,0,0,0,0,0,0,0,0,0,-4,-6,5
2,633,-4,-6,5,26,-27,52,9,45,-14,0,0,0,0,0,0,0,0,0,-4,-6,5
2,634,-4,-6,5,26,-27,52,9,45,-14,0,0,0,0,0,0,0,0,0,-4,-6,5
2,635,-4,-6,5,26,-27,52,10,45,-15,0,0,0,0,0,0,0,0,0,-4,-6,5
2,636,-4,-6,5,26,-27,52,10,45,-15,0,0,0,0,0,0,0,0,0,-4,-6,5
2,637,-4,-6,5,26,-27,52,10,45,-15,0,0,0,0,0,0,0,0,0,-4,-6,5
2,638,-4,-7,5,26,-27,52,9,45,-15,0,0,0,0,0,0,0,0,0,-4,-6,5
2,639,-4,-7,5,26,-27,52,9,45,-15,0,0,0,0,0,0,0,0,0,-4,-6,5
2,640,-4,-7,5,26,-27,52,9,45,-15,0,0,0,0,0,0,0,0,0,-4,-6,5
2,641,-4,-7,5,26,-26,52,9,45,-15,0,0,0,0,0,0,0,0,0,-4,-6,5
2,642,-4,-7,5,26,-26,52,9,45,-15,0,0,0,0,0,0,0,0,0,-4,-6,5
2,643,-4,-7,5,26,-26,52,8,46,-16,0,0,0,0,0,0,0,0,0,-4,-6,5
2,644,-4,-7,5,26,-26,52,8,46,-16,0,0,0,0,0,0,0,0,0,-4,-6,5
2,645,-4,-7,5,26,-26,52,8,46,-16,0,0,0,0,0,0,0,0,0,-4,-6,5
2,646,-4,-7,5,27,-26,52,8,46,-16,0,0,0,0,0,0,0,0,0,-4,-6,5
2,647,-4,-7,5,27,-26,52,8,46,-16,0,0,0,0,0,0,0,0,0,-4,-6,5
2,648,-4,-7,5,27,-26,52,8,45,-16,0,0,0,0,0,0,0,0,0,-4,-6,5
2,649,-4,-6,5,27,-26,52,8,45,-16,0,0,0,0,0,0,0,0,0,-4,-6,5
2,650,-4,-6,5,27,-26,52,8,45,-16,0,0,0,0,0,0,0,0,0,-4,-6,5
2,651,-4,-6,5,27,-26,52,8,45,-16,0,0,0,0,0,0,0,0,0,-4,-6,5
2,652,-4,-6,5,27,-26,52,9,46,-13,0,0,0,0,0,0,0,0,0,-4,-6,5
2,653,-4,-6,5,27,-26,52,9,46,-13,0,0,0,0,0,0,0,0,0,-4,-6,5
2,654,-4,-6,5,27,-26,52,9,46,-13,0,0,0,0,0,0,0,0,0,-4,-6,5
2,655,-4,-6,5,27,-26,52,9,46,-13,0,0,0,0,0,0,0,0,0,-4,-6,5
2,656,-4,-6,5,27,-26,52,8,46,-14,0,0,0,0,0,0,0,0,0,-4,-6,5
2,657,-4,-6,5,27,-26,52,8,46,-14,0,0,0,0,0,0,0,0,0,-4,-6,5
2,658,-4,-6,5,27,-26,52,8,46,-14,0,0,0,0,0,0,0,0,0,-4,-6,5
2,659,-4,-6,5,27,-26,52,8,46,-14,0,0,0,0,0,0,0,0,0,-4,-7,5
2,660,-4,-6,5,27,-26,52,8,46,-14,0,0,0,0,0,0,0,0,0,-4,-7,5
2,661,-4,-6,5,27,-26,53,9,46,-15,0,0,0,0,0,0,0,0,0,-4,-7,5
2,662,-4,-6,5,27,-26,53,9,46,-15,0,0,0,0,0,0,0,0,0,-4,-7,5
2,663,-4,-7,5,27,-25,53,9,46,-15,0,0,0,0,0,0,0,0,0,-4,-7,5
2,664,-4,-6,5,27,-25,53,9,46,-15,0,0,0,0,0,0,0,0,0,-4,-7,5
2,665,-4,-6,5,27,-25,53,9,46,-15,0,0,0,0,0,0,0,0,0,-4,-7,5
2,666,-4,-6,5,27,-25,53,8,47,-15,0,0,0,0,0,0,0,0,0,-4,-7,5
2,667,-4,-6,5,27,-25,53,8,47,-15,0,0,0,0,0,0,0,0,0,-4,-7,5
2,668,-4,-6,5,27,-25,53,8,47,-15,0,0,0,0,0,0,0,0,0,-4,-7,5
2,669,-4,-7,5,27,-25,53,7,46,-15,0,0,0,0,0,0,0,0,0,-4,-7,5
2,670,-4,-7,5,27,-25,53,7,46,-15,0,0,0,0,0,0,0,0,0,-4,-7,5
2,671,-4,-7,5,27,-25,53,7,46,-15,0,0,0,0,0,0,0,0,0,-4,-7,5
2,672,-4,-7,5,27,-25,53,7,46,-15,0,0,0,0,0,0,0,0,0,-4,-7,5
2,673,-4,-7,5,27,-25,53,7,46,-15,0,0,0,0,0,0,0,0,0,-4,-7,5
2,674,-4,-6,5,27,-25,53,9,46,-12,0,0,0,0,0,0,0,0,0,-4,-7,5
2,675,-4,-6,5,27,-25,53,9,46,-12,0,0,0,0,0,0,0,0,0,-4,-7,5
2,676,-4,-6,5,27,-25,53,9,46,-12,0,0,0,0,0,0,0,0,0,-4,-7,5
2,677,-4,-6,5,27,-25,53,7,45,-15,0,0,0,0,0,0,0,0,0,-4,-7,5
2,678,-4,-6,5,27,-25,53,7,45,-15,0,0,0,0,0,0,0,0,0,-4,-7,5
2,679,-4,-6,5,27,-25,53,7,45,-15,0,0,0,0,0,0,0,0,0,-4,-7,5
2,680,-4,-7,5,27,-25,53,7,45,-15,0,0,0,0,0,0,0,0,0,-4,-7,5
2,681,-4,-7,5,27,-25,53,7,45,-15,0,0,0,0,0,0,0,0,0,-4,-7,5
2,682,-4,-7,5,27,-25,53,7,45,-15,0,0,0,0,0,0,0,0,0,-4,-7,5
2,683,-4,-7,5,27,-25,53,7,45,-15,0,0,0,0,0,0,0,0,0,-4,-7,5
2,684,-4,-7,5,27,-25,53,7,45,-15,0,0,0,0,0,0,0,0,0,-4,-7,5
2,685,-4,-7,5,27,-25,53,7,45,-15,0,0,0,0,0,0,0,0,0,-4,-7,5
2,686,-4,-7,5,27,-25,53,9,46,-15,0,0,0,0,0,0,0,0,0,-4,-7,5
2,687,-4,-7,5,27,-25,53,9,46,-15,0,0,0,0,0,0,0,0,0,-4,-7,5
2,688,-4,-6,5,27,-25,53,9,46,-15,0,0,0,0,0,0,0,0,0,-4,-7,5
2,689,-4,-6,5,27,-25,53,8,46,-15,0,0,0,0,0,0,0,0,0,-4,-7,5
2,690,-4,-6,5,27,-25,53,8,46,-15,0,0,0,0,0,0,0,0,0,-4,-7,5
2,691,-4,-6,5,27,-25,53,8,46,-15,0,0,0,0,0,0,0,0,0,-4,-7,5
2,692,-4,-7,5,27,-25,53,8,46,-15,0,0,0,0,0,0,0,0,0,-4,-7,5
2,693,-4,-7,5,27,-25,53,6,45,-14,0,0,0,0,0,0,0,0,0,-4,-7,5
2,694,-4,-7,5,27,-25,53,6,45,-14,0,0,0,0,0,0,0,0,0,-4,-7,5
2,695,-4,-7,5,27,-26,53,6,45,-14,0,0,0,0,0,0,0,0,0,-4,-7,5
2,696,-4,-7,5,27,-26,53,6,45,-14,0,0,0,0,0,0,0,0,0,-4,-7,5
2,697,-4,-7,5,27,-26,53,6,45,-14,0,0,0,0,0,0,0,0,0,-4,-7,5
2,698,-4,-7,5,27,-26,53,7,46,-15,0,0,0,0,0,0,0,0,0,-4,-7,5
2,699,-4,-7,5,26,-26,53,7,46,-15,0,0,0,0,0,0,0,0,0,-4,-7,5
2,700,-4,-7,5,26,-26,53,7,46,-15,0,0,0,0,0,0,0,0,0,-4,-7,5
2,701,-4,-7,5,26,-26,53,9,46,-13,0,0,0,0,0,0,0,0,0,-4,-7,5
2,702,-4,-7,5,26,-26,53,9,46,-13,0,0,0,0,0,0,0,0,0,-4,-7,5
2,703,-4,-7,5,26,-26,53,9,46,-13,0,0,0,0,0,0,0,0,0,-4,-7,5
2,704,-4,-7,5,26,-26,53,9,46,-13,0,0,0,0,0,0,0,0,0,-4,-7,5
2,705,-4,-7,5,26,-26,53,9,46,-13,0,0,0,0,0,0,0,0,0,-4,-7,5
2,706,-4,-7,5,26,-26,53,8,46,-13,0,0,0,0,0,0,0,0,0,-4,-7,5
2,707,-4,-7,5,26,-26,53,8,46,-13,0,0,0,0,0,0,0,0,0,-4,-7,5
2,708,-4,-7,5,26,-26,53,8,46,-13,0,0,0,0,0,0,0,0,0,-4,-7,5
2,709,-4,-7,5,26,-26,53,8,46,-13,0,0,0,0,0,0,0,0,0,-4,-7,5
2,710,-4,-7,5,26,-26,53,7,45,-15,0,0,0,0,0,0,0,0,0,-4,-7,5
2,711,-4,-7,5,26,-26,53,7,45,-15,0,0,0,0,0,0,0,0,0,-4,-7,5
2,712,-4,-7,5,26,-26,53,7,45,-15,0,0,0,0,0,0,0,0,0,-4,-7,5
2,713,-4,-7,5,25,-26,53,8,46,-15,0,0,0,0,0,0,0,0,0,-4,-7,5
2,714,-4,-7,5,25,-26,53,8,46,-15,0,0,0,0,0,0,0,0,0,-4,-7,5
2,715,-4,-7,5,25,-26,53,8,46,-15,0,0,0,0,0,0,0,0,0,-4,-7,5
2,716,-4,-7,5,25,-26,53,8,46,-15,0,0,0,0,0,0,0,0,0,-4,-7,5
2,717,-4,-7,5,25,-26,53,8,46,-15,0,0,0,0,0,0,0,0,0,-4,-7,5
2,718,-4,-7,5,25,-26,53,8,46,-15,0,0,0,0,0,0,0,0,0,-4,-7,5
2,719,-4,-7,5,25,-26,53,8,46,-15,0,0,0,0,0,0,0,0,0,-4,-7,5
2,720,-4,-7,5,25,-26,53,8,46,-15,0,0,0,0,0,0,0,0,0,-4,-7,5
2,721,-4,-7,5,25,-26,53,8,46,-15,0,0,0,0,0,0,0,0,0,-4,-7,5
2,722,-4,-7,5,25,-26,53,9,47,-14,0,0,0,0,0,0,0,0,0,-4,-7,5
2,723,-4,-7,5,25,-26,53,9,47,-14,0,0,0,0,0,0,0,0,0,-4,-7,5
2,724,-4,-7,5,25,-26,53,9,47,-14,0,0,0,0,0,0,0,0,0,-4,-7,5
2,725,-4,-7,5,25,-26,53,8,46,-15,0,0,0,0,0,0,0,0,0,-4,-7,5
2,726,-4,-7,5,25,-26,53,8,46,-15,0,0,0,0,0,0,0,0,0,-4,-7,5
2,727,-4,-7,5,25,-26,53,8,46,-15,0,0,0,0,0,0,0,0,0,-4,-7,5
2,728,-4,-7,5,25,-26,53,8,46,-15,0,0,0,0,0,0,0,0,0,-4,-7,5
2,729,-4,-7,5,25,-26,53,8,46,-15,0,0,0,0,0,0,0,0,0,-4,-7,5
2,730,-4,-7,5,25,-26,53,9,46,-13,0,0,0,0,0,0,0,0,0,-4,-7,5
2,731,-4,-7,5,25,-26,53,9,46,-13,0,0,0,0,0,0,0,0,0,-4,-7,5
2,732,-4,-7,5,25,-26,53,9,46,-13,0,0,0,0,0,0,0,0,0,-4,-6,5
2,733,-4,-7,5,24,-26,53,9,46,-13,0,0,0,0,0,0,0,0,0,-4,-6,5
2,734,-4,-7,5,24,-26,53,9,46,-13,0,0,0,0,0,0,0,0,0,-4,-6,5
2,735,-4,-7,5,24,-26,53,9,46,-13,0,0,0,0,0,0,0,0,0,-4,-6,5
2,736,-4,-7,5,24,-26,53,10,47,-14,0,0,0,0,0,0,0,0,0,-4,-7,5
2,737,-4,-7,5,24,-26,53,10,47,-14,0,0,0,0,0,0,0,0,0,-4,-7,5
2,738,-4,-7,5,24,-26,53,10,47,-14,0,0,0,0,0,0,0,0,0,-4,-7,5
2,739,-4,-7,5,24,-26,53,9,47,-13,0,0,0,0,0,0,0,0,0,-4,-7,5
2,740,-4,-7,5,24,-26,53,9,47,-13,0,0,0,0,0,0,0,0,0,-4,-7,5
2,741,-4,-7,5,24,-26,53,9,47,-13,0,0,0,0,0,0,0,0,0,-4,-7,5
2,742,-4,-7,5,24,-26,53,9,47,-13,0,0,0,0,0,0,0,0,0,-4,-7,5
2,743,-4,-7,5,24,-26,53,9,47,-13,0,0,0,0,0,0,0,0,0,-4,-7,5
2,744,-4,-7,5,24,-26,53,8,47,-13,0,0,0,0,0,0,0,0,0,-4,-7,5
2,745,-4,-7,5,24,-26,53,8,47,-13,0,0,0,0,0,0,0,0,0,-4,-7,5
2,746,-4,-7,5,24,-26,53,8,47,-13,0,0,0,0,0,0,0,0,0,-4,-7,5
2,747,-4,-7,5,24,-26,53,9,46,-15,0,0,0,0,0,0,0,0,0,-4,-7,5
2,748,-4,-7,5,24,-26,53,9,46,-15,0,0,0,0,0,0,0,0,0,-4,-7,5
2,749,-4,-7,5,24,-26,53,9,46,-15,0,0,0,0,0,0,0,0,0,-4,-7,5
2,750,-4,-7,5,24,-26,53,9,46,-15,0,0,0,0,0,0,0,0,0,-4,-7,5
2,751,-4,-7,5,24,-26,53,9,47,-14,0,0,0,0,0,0,0,0,0,-4,-7,5
2,752,-4,-6,5,24,-26,53,9,47,-14,0,0,0,0,0,0,0,0,0,-4,-7,5
2,753,-4,-6,5,24,-26,53,9,47,-14,0,0,0,0,0,0,0,0,0,-4,-7,5
2,754,-4,-6,5,24,-26,53,9,47,-14,0,0,0,0,0,0,0,0,0,-4,-7,5
